No.,Name,Pos,Ht,Wt,Birth Date,,Exp,College,City,Team,,Age,G,GS,MP,FG,FGA,FG%,3P,3PA,3P%,2P,2PA,2P%,eFG%,FT,FTA,FT%,ORB,DRB,TRB,AST,STL,BLK,TOV,PF,PTS/G
0,Avery Bradley,SG,6-2,180,"November 26, 1990",us,6,University of Texas at Austin,Boston,Celtics,Avery Bradley,26,50,50,33.4,6.7,14.3,0.469,2,5,0.402,4.7,9.3,0.504,0.539,1.2,1.7,0.735,1.2,5,6.2,2.2,1.3,0.2,1.7,2.5,16.6
41,Kelly Olynyk,C,7-0,238,"April 19, 1991",ca,3,Gonzaga University,Boston,Celtics,Kelly Olynyk,25,70,5,20.5,3.4,6.6,0.517,0.9,2.5,0.364,2.5,4.1,0.611,0.586,1.2,1.6,0.728,1,3.7,4.7,1.9,0.6,0.4,1.3,2.7,9
4,Isaiah Thomas,PG,5-9,185,"February 7, 1989",us,5,University of Washington,Boston,Celtics,Isaiah Thomas,27,71,71,34,9,19.5,0.463,3.3,8.5,0.383,5.8,11,0.524,0.546,7.8,8.6,0.911,0.5,2.1,2.6,5.9,0.9,0.1,2.7,2.2,29.1
36,Marcus Smart,PG,6-4,220,"March 6, 1994",us,2,Oklahoma State University,Boston,Celtics,Marcus Smart,22,74,24,30.4,3.5,9.6,0.361,1.1,4.1,0.275,2.3,5.5,0.425,0.42,2.6,3.2,0.809,1,2.9,3.9,4.5,1.6,0.4,2.1,2.4,10.6
13,James Young,SG,6-6,215,"August 16, 1995",us,2,University of Kentucky,Boston,Celtics,James Young,21,27,0,7.9,0.9,2.1,0.439,0.4,1.3,0.353,0.5,0.9,0.565,0.544,0.2,0.3,0.714,0.2,0.7,1,0.1,0.3,0.1,0.1,0.6,2.5
12,Terry Rozier,PG,6-2,190,"March 17, 1994",us,1,University of Louisville,Boston,Celtics,Terry Rozier,22,71,0,17.5,2.1,5.7,0.368,0.8,2.5,0.322,1.3,3.2,0.404,0.438,0.7,0.9,0.781,0.5,2.6,3.1,1.8,0.6,0.2,0.7,0.9,5.7
99,Jae Crowder,SF,6-6,235,"July 6, 1990",us,4,Marquette University,Boston,Celtics,Jae Crowder,26,67,67,32.4,4.5,10,0.454,2.1,5.5,0.39,2.4,4.5,0.532,0.561,2.5,3.1,0.829,0.6,5.1,5.8,2.1,1,0.3,1.1,2.2,13.7
8,Jonas Jerebko,PF,6-10,231,"March 2, 1987",se,6,,Boston,Celtics,Jonas Jerebko,29,73,6,16.1,1.5,3.4,0.438,0.6,1.7,0.336,0.9,1.7,0.535,0.52,0.3,0.4,0.774,0.8,2.7,3.5,0.8,0.4,0.2,0.5,1.6,3.9
90,Amir Johnson,PF,6-9,240,"May 1, 1987",us,11,,Boston,Celtics,Amir Johnson,29,76,73,20.2,2.7,4.6,0.574,0.3,0.8,0.403,2.3,3.8,0.61,0.609,0.8,1.3,0.663,1.5,3.1,4.6,1.7,0.6,0.8,1,2.6,6.5
55,Jordan Mickey,PF,6-8,235,"July 9, 1994",us,1,Louisiana State University,Boston,Celtics,Jordan Mickey,22,23,1,5.9,0.7,1.4,0.455,0,0,0,0.7,1.4,0.469,0.455,0.3,0.5,0.583,0.6,0.8,1.4,0.3,0.1,0.2,0.4,0.5,1.6
42,Al Horford,C,6-10,245,"June 3, 1986",do,9,University of Florida,Boston,Celtics,Al Horford,30,63,63,32.6,5.6,11.9,0.474,1.3,3.6,0.358,4.3,8.2,0.525,0.529,1.6,2,0.798,1.4,5.4,6.9,5,0.8,1.3,1.7,2,14.1
7,Jaylen Brown,SF,6-7,225,"October 24, 1996",us,R,University of California,Boston,Celtics,Jaylen Brown,20,73,20,17.1,2.5,5.3,0.46,0.6,1.7,0.344,1.9,3.7,0.513,0.514,1.1,1.7,0.686,0.6,2.3,2.9,0.8,0.4,0.2,0.8,1.9,6.6
9,Demetrius Jackson,PG,6-1,201,"September 7, 1994",us,R,University of Notre Dame,Boston,Celtics,Demetrius Jackson,22,5,0,3.4,0.6,0.8,0.75,0.2,0.2,1,0.4,0.6,0.667,0.875,0.6,1.2,0.5,0.4,0.4,0.8,0.6,0,0,0,0,2
30,Gerald Green,SG,6-7,205,"January 26, 1986",us,9,,Boston,Celtics,Gerald Green,31,44,0,11.4,2,4.9,0.411,0.8,2.3,0.366,1.2,2.6,0.451,0.498,0.7,0.8,0.829,0.4,1.4,1.8,0.7,0.2,0.1,0.5,1,5.5
44,Tyler Zeller,C,7-0,253,"January 17, 1990",us,4,University of North Carolina,Boston,Celtics,Tyler Zeller,27,48,5,10.4,1.5,3.1,0.49,0,0,0,1.5,3.1,0.493,0.49,0.4,0.7,0.543,0.9,1.6,2.5,0.8,0.1,0.5,0.4,1.3,3.5
92,Lucas Nogueira,C,7-0,241,"July 26, 1992",br,2,,Toronto,Raptors,Lucas Nogueira,24,55,6,19.5,1.9,2.8,0.673,0.1,0.2,0.3,1.8,2.6,0.699,0.683,0.8,1.2,0.657,1.5,2.9,4.3,0.7,0.9,1.6,0.8,2.5,4.6
9,Serge Ibaka,PF,6-10,235,"September 18, 1989",cg,7,,Toronto,Raptors,Serge Ibaka,27,19,19,31.2,6,12.5,0.479,1.9,4.3,0.439,4.1,8.2,0.5,0.555,1.3,1.5,0.893,1.4,5.3,6.6,0.8,0.4,1.6,1.8,3.5,15.2
2,P.J. Tucker,SF,6-6,245,"May 5, 1985",us,5,University of Texas at Austin,Toronto,Raptors,P.J. Tucker,31,19,4,26,2.3,5.5,0.41,0.9,2.5,0.383,1.3,3.1,0.431,0.495,0.5,0.7,0.643,1.1,4.5,5.5,1.2,1.4,0.3,0.6,2.2,5.9
54,Patrick Patterson,PF,6-9,230,"March 14, 1989",us,6,University of Kentucky,Toronto,Raptors,Patrick Patterson,27,60,7,25,2.4,6,0.395,1.5,3.9,0.37,0.9,2,0.443,0.517,0.7,1,0.717,1,3.7,4.7,1.2,0.6,0.4,0.6,1.9,6.9
7,Kyle Lowry,PG,6-0,205,"March 25, 1986",us,10,Villanova University,Toronto,Raptors,Kyle Lowry,30,56,56,37.7,7.2,15.5,0.463,3.3,7.9,0.417,3.9,7.6,0.512,0.57,5.1,6.1,0.826,0.8,3.9,4.8,6.9,1.4,0.3,2.8,2.9,22.8
17,Jonas Valanciunas,C,7-0,265,"May 6, 1992",lt,4,,Toronto,Raptors,Jonas Valanciunas,24,75,75,25.9,4.9,8.8,0.555,0,0,,4.9,8.8,0.555,0.555,2.3,2.8,0.815,2.9,6.7,9.6,0.7,0.5,0.8,1.4,2.7,12
20,Bruno Caboclo,SF,6-9,218,"September 21, 1995",br,2,,Toronto,Raptors,Bruno Caboclo,21,8,0,2.9,0.1,0.6,0.2,0.1,0.4,0.333,0,0.3,0,0.3,0,0,,0.4,0.4,0.8,0.4,0.3,0,0.3,0.4,0.4
55,Delon Wright,PG,6-5,183,"April 26, 1992",us,1,University of Utah,Toronto,Raptors,Delon Wright,24,22,0,17.5,2,4.6,0.436,0.4,1.1,0.32,1.6,3.5,0.474,0.475,1.7,2.2,0.776,0.6,1.4,2,2.2,1.1,0.5,1,1.3,6.1
5,DeMarre Carroll,SF,6-8,215,"July 27, 1986",us,7,University of Missouri,Toronto,Raptors,DeMarre Carroll,30,67,67,26.6,3.2,7.8,0.405,1.6,4.5,0.344,1.6,3.3,0.489,0.505,1.3,1.7,0.759,0.9,3,3.9,1.1,1.1,0.4,0.7,2,9.1
6,Cory Joseph,SG,6-3,193,"August 20, 1991",ca,5,University of Texas at Austin,Toronto,Raptors,Cory Joseph,25,75,21,25.2,3.7,8.3,0.452,0.6,1.6,0.358,3.1,6.6,0.476,0.488,1.2,1.6,0.765,0.6,2.3,3,3.4,0.8,0.1,1.3,1.8,9.3
24,Norman Powell,SG,6-4,215,"May 25, 1993",us,1,"University of California, Los Angeles",Toronto,Raptors,Norman Powell,23,73,17,18.1,3,6.7,0.442,0.7,2.3,0.317,2.2,4.4,0.506,0.496,1.7,2.2,0.79,0.3,1.9,2.2,1.1,0.7,0.2,0.9,1.7,8.3
10,DeMar DeRozan,SG,6-7,221,"August 7, 1989",us,7,University of Southern California,Toronto,Raptors,DeMar DeRozan,27,70,70,35.4,9.7,20.9,0.467,0.5,1.7,0.275,9.3,19.1,0.484,0.478,7.3,8.7,0.84,1,4.3,5.3,3.9,1,0.2,2.4,1.8,27.3
42,Jakob Poeltl,C,7-0,248,"October 15, 1995",at,R,University of Utah,Toronto,Raptors,Jakob Poeltl,21,49,4,11.4,1.1,2.1,0.545,0,0,,1.1,2.1,0.545,0.545,0.6,1.1,0.538,1.5,1.5,3,0.2,0.3,0.3,0.6,2.1,2.8
43,Pascal Siakam,PF,6-9,230,"February 4, 1994",cm,R,New Mexico State University,Toronto,Raptors,Pascal Siakam,22,54,38,15.4,1.8,3.6,0.503,0,0.1,0.167,1.8,3.5,0.513,0.505,0.4,0.6,0.688,1.1,2.1,3.3,0.3,0.5,0.8,0.6,2,4.1
23,Fred VanVleet,PG,6-0,195,"February 25, 1994",us,R,Wichita State University,Toronto,Raptors,Fred VanVleet,22,34,0,8,1.1,3.1,0.356,0.3,0.8,0.393,0.8,2.2,0.342,0.409,0.5,0.6,0.85,0.1,1,1.1,0.8,0.5,0.1,0.4,1,3
25,Derrick Rose,PG,6-3,190,"October 4, 1988",us,7,University of Memphis,New York,Knicks,Derrick Rose,28,64,64,32.5,7.2,15.3,0.471,0.2,0.9,0.217,7,14.3,0.487,0.477,3.5,4,0.874,1,2.8,3.8,4.4,0.7,0.3,2.3,1.3,18
7,Carmelo Anthony,SF,6-8,240,"May 29, 1984",us,13,Syracuse University,New York,Knicks,Carmelo Anthony,32,71,71,34.5,8.2,18.7,0.435,2.1,5.7,0.362,6.1,13,0.468,0.491,4.1,4.9,0.834,0.8,5.1,5.9,2.9,0.8,0.5,2.1,2.6,22.5
6,Kristaps Porzingis,PF,7-3,240,"August 2, 1995",lv,1,,New York,Knicks,Kristaps Porzingis,21,66,65,32.8,6.7,14.9,0.45,1.7,4.8,0.357,5,10.2,0.493,0.507,3,3.8,0.786,1.7,5.5,7.2,1.5,0.7,2,1.8,3.7,18.1
9,Kyle O'Quinn,PF,6-10,250,"March 26, 1990",us,4,Norfolk State University,New York,Knicks,Kyle O'Quinn,26,74,8,15.3,2.7,5.2,0.521,0,0.2,0.067,2.7,5,0.539,0.522,0.8,1,0.776,2,3.6,5.6,1.4,0.5,1.3,1,2.2,6.2
8,Justin Holiday,SG,6-6,185,"April 5, 1989",us,3,University of Washington,New York,Knicks,Justin Holiday,27,77,2,19.4,2.7,6.3,0.427,1.1,3.2,0.354,1.5,3.1,0.504,0.518,0.8,0.9,0.822,0.3,2.4,2.7,1.2,0.8,0.4,0.8,1.4,7.3
91,Mindaugas Kuzminskas,SF,6-9,215,"October 19, 1989",lt,R,,New York,Knicks,Mindaugas Kuzminskas,27,63,5,14.6,2.1,5.1,0.418,0.8,2.4,0.331,1.3,2.7,0.494,0.495,0.8,1,0.828,0.7,1.2,1.9,1,0.4,0.2,0.7,1.2,5.9
40,Marshall Plumlee,C,7-0,250,"July 14, 1992",us,R,Duke University,New York,Knicks,Marshall Plumlee,24,17,0,6.8,0.4,0.8,0.462,0,0,,0.4,0.8,0.462,0.462,0.5,0.9,0.533,0.8,1.1,1.8,0.5,0.2,0.2,0.5,0.8,1.2
13,Joakim Noah,C,6-11,230,"February 25, 1985",us,9,University of Florida,New York,Knicks,Joakim Noah,31,46,46,22.1,2.2,4.3,0.495,0,0,0,2.2,4.3,0.497,0.495,0.7,1.7,0.436,3.5,5.2,8.7,2.2,0.7,0.8,1.3,2.8,5
5,Courtney Lee,SG,6-5,200,"October 3, 1985",us,8,Western Kentucky University,New York,Knicks,Courtney Lee,31,72,69,32.2,4.1,9,0.454,1.4,3.5,0.408,2.7,5.6,0.483,0.532,1.1,1.3,0.879,0.7,2.7,3.4,2.3,1,0.3,0.9,1.8,10.7
42,Lance Thomas,PF,6-8,235,"April 24, 1988",us,5,Duke University,New York,Knicks,Lance Thomas,28,46,15,21,2.1,5.3,0.398,0.8,1.8,0.447,1.3,3.5,0.371,0.475,0.9,1.1,0.843,0.7,2.4,3.1,0.8,0.5,0.1,0.5,1.8,6
18,Sasha Vujacic,SG,6-7,195,"March 8, 1984",si,9,,New York,Knicks,Sasha Vujacic,32,37,4,8.7,0.9,2.8,0.314,0.5,1.6,0.293,0.4,1.3,0.34,0.395,0.4,0.5,0.789,0.2,1,1.2,1,0.3,0.1,0.4,0.8,2.6
2,Maurice Ndour,PF,6-9,200,"June 18, 1992",sn,R,Ohio University,New York,Knicks,Maurice Ndour,24,27,0,7.4,0.8,1.9,0.423,0,0.2,0.167,0.8,1.7,0.457,0.433,0.4,0.5,0.846,0.4,1,1.4,0.1,0.4,0.1,0.3,0.9,2.1
14,Willy Hernangomez,C,6-11,240,"May 27, 1994",es,R,,New York,Knicks,Willy Hernangomez,22,67,17,17.8,3.3,6.2,0.539,0,0.2,0.214,3.3,6,0.55,0.542,1.1,1.6,0.714,2.3,4.5,6.8,1.2,0.5,0.5,1.4,2,7.8
31,Ron Baker,SG,6-4,220,"March 30, 1993",us,R,Wichita State University,New York,Knicks,Ron Baker,23,47,8,14.8,1.4,3.7,0.364,0.4,1.5,0.29,0.9,2.3,0.411,0.42,0.5,0.8,0.658,0.2,1.5,1.7,1.7,0.7,0.1,1,1.3,3.7
4,Chasson Randle,PG,6-2,185,"February 5, 1993",us,R,Stanford University,New York,Knicks,Chasson Randle,23,14,0,11.5,1.5,3.8,0.396,0.6,1.6,0.348,0.9,2.1,0.433,0.472,1.4,1.6,0.909,0.4,1.1,1.5,1.9,0.3,0,0.6,1.6,5
47,Tiago Splitter,C,6-11,245,"January 1, 1985",br,6,,Philadelphia,76ers,Tiago Splitter,32,3,0,7.3,1.7,2.7,0.625,0.3,0.3,1,1.3,2.3,0.571,0.688,0.7,1,0.667,1.3,1,2.3,0.7,0,0.3,0.7,0.7,4.3
11,Nik Stauskas,SG,6-6,205,"October 7, 1993",ca,2,University of Michigan,Philadelphia,76ers,Nik Stauskas,23,75,27,27.4,3.1,7.8,0.403,1.7,4.4,0.373,1.5,3.4,0.441,0.509,1.4,1.8,0.8,0.3,2.5,2.8,2.3,0.6,0.4,1.6,1.8,9.4
21,Joel Embiid,C,7-0,250,"March 16, 1994",cm,R,University of Kansas,Philadelphia,76ers,Joel Embiid,22,31,31,25.4,6.5,13.8,0.466,1.2,3.2,0.367,5.3,10.7,0.495,0.508,6.2,7.9,0.783,2,5.9,7.8,2.1,0.9,2.5,3.8,3.6,20.2
33,Robert Covington,SF,6-9,215,"December 14, 1990",us,3,Tennessee State University,Philadelphia,76ers,Robert Covington,26,67,67,31.6,4.4,10.9,0.399,2,6.1,0.333,2.3,4.8,0.484,0.492,2.1,2.6,0.822,1.4,5.1,6.5,1.5,1.9,1,2,3,12.9
8,Jahlil Okafor,C,6-11,275,"December 15, 1995",us,1,Duke University,Philadelphia,76ers,Jahlil Okafor,21,50,33,22.7,4.8,9.4,0.514,0,0,,4.8,9.4,0.514,0.514,2.1,3.2,0.671,1.6,3.2,4.8,1.2,0.4,1,1.8,2.4,11.8
23,Justin Anderson,SF,6-6,228,"November 19, 1993",us,1,University of Virginia,Philadelphia,76ers,Justin Anderson,23,19,3,19.4,2.8,6.2,0.453,0.7,2.6,0.26,2.1,3.5,0.597,0.509,0.7,0.9,0.824,1.4,3.1,4.4,1.4,0.4,0.3,1,1.9,7
22,Richaun Holmes,C,6-10,245,"October 15, 1993",us,1,Bowling Green State University,Philadelphia,76ers,Richaun Holmes,23,52,12,19.9,3.8,6.8,0.565,0.4,1.2,0.344,3.4,5.6,0.611,0.595,1.2,1.8,0.677,1.6,3.6,5.2,1,0.7,0.9,0.9,2.4,9.3
1,T.J. McConnell,PG,6-2,200,"March 25, 1992",us,1,University of Arizona,Philadelphia,76ers,T.J. McConnell,24,76,46,26,2.9,6.1,0.465,0.1,0.6,0.204,2.7,5.5,0.495,0.475,0.8,1,0.81,0.5,2.6,3.1,6.5,1.6,0.1,1.9,1.8,6.7
12,Gerald Henderson,SG,6-5,215,"December 9, 1987",us,7,Duke University,Philadelphia,76ers,Gerald Henderson,29,67,41,23.3,3.4,7.8,0.43,0.9,2.4,0.362,2.5,5.4,0.461,0.487,1.9,2.3,0.819,0.5,2.2,2.6,1.6,0.6,0.2,0.9,1.8,9.5
25,Ben Simmons,F,6-10,240,"July 20, 1996",au,R,Louisiana State University,Philadelphia,76ers,#N/A,#N/A,#N/A,#N/A,#N/A,#N/A,#N/A,#N/A,#N/A,#N/A,#N/A,#N/A,#N/A,#N/A,#N/A,#N/A,#N/A,#N/A,#N/A,#N/A,#N/A,#N/A,#N/A,#N/A,#N/A,#N/A,#N/A
20,Timothe Luwawu-Cabarrot,SF,6-6,205,"May 9, 1995",fr,R,,Philadelphia,76ers,Timothe Luwawu-Cabarrot,21,64,14,16,1.8,4.7,0.393,0.6,2,0.302,1.2,2.6,0.462,0.458,1.3,1.6,0.833,0.4,1.7,2.1,1,0.3,0.2,1,2.2,5.6
14,Sergio Rodriguez,PG,6-3,176,"June 12, 1986",es,4,,Philadelphia,76ers,Sergio Rodriguez,30,68,30,22.3,3.1,7.9,0.392,1.4,3.7,0.365,1.7,4.2,0.415,0.478,0.3,0.4,0.667,0.3,2,2.3,5.1,0.7,0.1,1.9,1.4,7.8
9,Dario Saric,PF,6-10,223,"April 8, 1994",hr,R,,Philadelphia,76ers,Dario Saric,22,77,32,26.5,4.7,11.5,0.411,1.3,4.2,0.316,3.4,7.3,0.465,0.468,2.1,2.7,0.787,1.4,4.9,6.3,2.2,0.7,0.4,2.2,2,12.9
0,Jerryd Bayless,PG,6-3,200,"August 20, 1988",us,8,University of Arizona,Philadelphia,76ers,Jerryd Bayless,28,3,1,23.7,3.7,10.7,0.344,0.7,1.7,0.4,3,9,0.333,0.375,3,3.3,0.9,1,3,4,4.3,0,0,3,1.3,11
36,Shawn Long,PF,6-9,255,"January 29, 1993",us,R,University of Louisiana at Lafayette,Philadelphia,76ers,Shawn Long,24,14,0,12.9,3.3,5.2,0.63,0.5,0.9,0.538,2.8,4.3,0.65,0.678,1.2,2.2,0.548,1.7,2.4,4.1,0.7,0.6,0.6,0.8,2.7,8.3
24,Rondae Hollis-Jefferson,SF,6-7,220,"January 3, 1995",us,1,University of Arizona,Brooklyn,Nets,Rondae Hollis-Jefferson,22,73,45,22.2,3,6.8,0.435,0.2,0.9,0.222,2.8,5.9,0.465,0.449,2.4,3.2,0.741,1.2,4.5,5.7,1.9,1,0.6,1.5,2.3,8.5
1,Chris McCullough,PF,6-11,200,"February 5, 1995",us,1,Syracuse University,Brooklyn,Nets,Chris McCullough,21,14,0,5.1,1.1,2.2,0.516,0.1,0.4,0.167,1.1,1.8,0.6,0.532,0.1,0.2,0.667,0.6,0.6,1.2,0.1,0.1,0.1,0.1,0.5,2.5
11,Brook Lopez,C,7-0,275,"April 1, 1988",us,8,Stanford University,Brooklyn,Nets,Brook Lopez,28,71,71,29.6,7.5,15.8,0.474,1.8,5.2,0.352,5.6,10.6,0.534,0.532,4,4.9,0.811,1.6,3.8,5.4,2.4,0.5,1.7,2.5,2.6,20.8
14,K.J. McDaniels,SF,6-6,205,"February 9, 1993",us,2,Clemson University,Brooklyn,Nets,K.J. McDaniels,23,16,0,13.4,2.1,4.4,0.479,0.4,1.6,0.269,1.7,2.8,0.6,0.528,0.9,1.1,0.833,0.5,1.8,2.3,0.4,0.7,0.3,0.8,1.4,5.6
6,Sean Kilpatrick,SG,6-4,210,"January 6, 1990",us,2,University of Cincinnati,Brooklyn,Nets,Sean Kilpatrick,27,69,24,25.2,4.4,10.6,0.412,1.5,4.4,0.336,2.9,6.2,0.467,0.482,2.9,3.5,0.842,0.3,3.7,4,2.2,0.7,0.1,2,1.7,13.1
7,Jeremy Lin,PG,6-3,200,"August 23, 1988",us,6,Harvard University,Brooklyn,Nets,Jeremy Lin,28,32,29,23.9,4.7,10.8,0.432,1.5,4.3,0.346,3.2,6.6,0.488,0.5,2.8,3.5,0.796,0.2,3.1,3.3,5.1,1.1,0.4,2.4,2,13.7
35,Trevor Booker,PF,6-8,228,"November 25, 1987",us,6,Clemson University,Brooklyn,Nets,Trevor Booker,29,69,43,24.8,4.3,8.3,0.517,0.4,1.1,0.325,3.9,7.2,0.547,0.539,1.1,1.6,0.67,2,6.1,8.1,2,1.1,0.4,1.8,2.2,10
44,Andrew Nicholson,PF,6-9,250,"December 8, 1989",ca,4,St. Bonaventure University,Brooklyn,Nets,Andrew Nicholson,27,7,0,10.1,1.6,3.6,0.44,0.3,1.1,0.25,1.3,2.4,0.529,0.48,0.3,0.3,1,0.4,2.6,3,0.4,0.4,0,0.4,1.3,3.7
15,Isaiah Whitehead,PG,6-4,213,"March 8, 1995",us,R,Seton Hall University,Brooklyn,Nets,Isaiah Whitehead,21,69,26,22.4,2.8,6.9,0.407,0.6,2,0.307,2.2,4.9,0.447,0.451,1.3,1.6,0.815,0.4,2.1,2.5,2.6,0.6,0.5,2,2.4,7.5
41,Justin Hamilton,C,7-0,260,"April 1, 1990",us,2,Louisiana State University,Brooklyn,Nets,Justin Hamilton,26,59,6,18.6,2.7,5.8,0.461,0.9,2.8,0.31,1.8,3,0.606,0.536,0.6,0.8,0.75,1.1,3,4.2,0.8,0.4,0.7,0.7,1.4,6.8
2,Randy Foye,SG,6-4,213,"September 24, 1983",us,10,Villanova University,Brooklyn,Nets,Randy Foye,33,64,35,18.8,1.8,4.8,0.378,1,2.9,0.349,0.8,1.8,0.424,0.485,0.7,0.9,0.836,0.1,2.2,2.3,2,0.5,0.1,1.2,1.5,5.3
22,Caris LeVert,SF,6-7,203,"August 25, 1994",us,R,University of Michigan,Brooklyn,Nets,Caris LeVert,22,52,21,21.4,2.8,6.3,0.443,1,3.1,0.314,1.8,3.2,0.565,0.52,1.2,1.6,0.723,0.5,2.8,3.2,1.9,0.9,0.1,1,1.6,7.7
12,Joe Harris,SG,6-6,219,"September 7, 1991",us,2,University of Virginia,Brooklyn,Nets,Joe Harris,25,52,11,21.9,3,7,0.425,1.6,4.3,0.385,1.3,2.7,0.489,0.543,0.7,0.9,0.714,0.3,2.5,2.8,1,0.6,0.2,1.1,2.3,8.2
8,Spencer Dinwiddie,PG,6-6,200,"April 6, 1993",us,2,University of Colorado,Brooklyn,Nets,Spencer Dinwiddie,23,54,17,22.4,2.2,5.1,0.433,0.6,1.6,0.375,1.6,3.5,0.46,0.493,2.1,2.6,0.776,0.4,2.3,2.7,3.1,0.7,0.4,1.1,2,7.1
13,Quincy Acy,PF,6-7,240,"October 6, 1990",us,4,Baylor University,Brooklyn,Nets,Quincy Acy,26,29,1,16.1,2.1,4.8,0.439,1.2,2.6,0.453,0.9,2.2,0.422,0.561,1.5,2,0.754,0.6,2.9,3.4,0.6,0.4,0.5,0.6,1.8,6.9
10,Archie Goodwin,SG,6-5,200,"August 17, 1994",us,3,University of Kentucky,Brooklyn,Nets,Archie Goodwin,22,7,0,12.4,2.3,4,0.571,0.3,0.9,0.333,2,3.1,0.636,0.607,1.7,2.3,0.75,0.4,1.1,1.6,1.9,0.1,0.4,0.7,0.6,6.6
33,Trey Burke,PG,6-1,191,"November 12, 1992",us,3,University of Michigan,Washington,Wizards,Trey Burke,24,55,0,12.1,1.9,4.4,0.44,0.5,1.1,0.413,1.5,3.2,0.449,0.494,0.4,0.5,0.741,0.1,0.7,0.8,1.7,0.2,0.1,0.8,1,4.7
13,Marcin Gortat,C,6-11,240,"February 17, 1984",pl,9,,Washington,Wizards,Marcin Gortat,32,77,77,31.5,4.7,8.3,0.571,0,0,0,4.7,8.2,0.573,0.571,1.3,2,0.649,3,7.6,10.6,1.4,0.5,0.8,1.5,2.7,10.7
5,Markieff Morris,PF,6-10,245,"September 2, 1989",us,5,University of Kansas,Washington,Wizards,Markieff Morris,27,73,73,31.4,5.2,11.7,0.449,0.9,2.5,0.346,4.4,9.1,0.477,0.486,2.5,2.9,0.837,1.4,5.1,6.5,1.7,1.1,0.6,1.7,3.4,13.8
2,John Wall,PG,6-4,195,"September 6, 1990",us,6,University of Kentucky,Washington,Wizards,John Wall,26,75,75,36.4,8.3,18.5,0.451,1.1,3.5,0.312,7.3,15,0.483,0.48,5.5,6.8,0.807,0.8,3.5,4.2,10.7,2,0.6,4.1,1.9,23.2
22,Otto Porter,SF,6-8,198,"June 3, 1993",us,3,Georgetown University,Washington,Wizards,Otto Porter,23,77,77,33,5.3,10.1,0.519,1.9,4.3,0.44,3.4,5.8,0.578,0.613,1.2,1.5,0.821,1.4,5,6.4,1.5,1.5,0.5,0.6,2.5,13.6
44,Bojan Bogdanovic,SF,6-8,216,"April 18, 1989",ba,2,,Washington,Wizards,Bojan Bogdanovic,27,55,54,26.9,4.9,11.1,0.44,1.8,5,0.357,3.1,6.1,0.509,0.521,2.7,3,0.874,0.4,3.2,3.6,1.6,0.4,0.1,1.7,1.8,14.2
12,Kelly Oubre Jr.,SF,6-7,205,"December 9, 1995",us,1,University of Kansas,Washington,Wizards,#N/A,#N/A,#N/A,#N/A,#N/A,#N/A,#N/A,#N/A,#N/A,#N/A,#N/A,#N/A,#N/A,#N/A,#N/A,#N/A,#N/A,#N/A,#N/A,#N/A,#N/A,#N/A,#N/A,#N/A,#N/A,#N/A,#N/A
28,Ian Mahinmi,C,6-11,250,"November 5, 1986",fr,8,,Washington,Wizards,Ian Mahinmi,30,27,0,17.5,2.1,3.6,0.577,0,0,,2.1,3.6,0.577,0.577,1.4,2.5,0.582,1.5,3,4.6,0.6,1.1,0.7,1.1,2.8,5.6
14,Jason Smith,C,7-0,245,"March 2, 1986",us,8,Colorado State University,Washington,Wizards,Jason Smith,30,69,2,14.2,2.3,4.4,0.531,0.4,0.9,0.492,1.9,3.5,0.541,0.58,0.5,0.7,0.681,0.9,2.6,3.5,0.4,0.3,0.7,0.7,2.3,5.6
32,Daniel Ochefu,C,6-11,245,"December 15, 1993",us,R,Villanova University,Washington,Wizards,Daniel Ochefu,23,18,0,3.2,0.4,1.2,0.381,0,0,,0.4,1.2,0.381,0.381,0,0.1,0,0.2,0.9,1.1,0.1,0.1,0,0.2,0.9,0.9
31,Tomas Satoransky,SG,6-7,210,"October 30, 1991",cz,R,,Washington,Wizards,Tomas Satoransky,25,54,2,12.3,1,2.4,0.42,0.1,0.6,0.25,0.9,1.8,0.475,0.45,0.4,0.6,0.677,0.4,1,1.4,1.5,0.4,0.1,0.6,1.1,2.6
3,Bradley Beal,SG,6-5,207,"June 28, 1993",us,4,University of Florida,Washington,Wizards,Bradley Beal,23,73,73,34.8,8.3,17.2,0.481,2.9,7.2,0.407,5.3,10,0.534,0.566,3.6,4.4,0.817,0.7,2.4,3.1,3.5,1.1,0.2,2,2.2,23.1
9,Sheldon McClellan,SG,6-5,200,"December 21, 1992",us,R,University of Miami,Washington,Wizards,Sheldon McClellan,24,29,3,8.7,0.8,2.2,0.375,0.2,0.9,0.231,0.6,1.3,0.474,0.422,0.6,0.7,0.857,0.1,0.9,1,0.5,0.3,0.1,0.1,0.6,2.5
7,Brandon Jennings,PG,6-1,170,"September 23, 1989",us,7,,Washington,Wizards,Brandon Jennings,27,58,11,24.6,2.8,7.4,0.38,1.2,3.4,0.34,1.6,3.9,0.415,0.459,1.8,2.3,0.756,0.4,2.2,2.6,4.9,0.9,0.1,1.8,1.4,8.6
17,Dennis Schroder,PG,6-1,172,"September 15, 1993",de,3,,Atlanta,Hawks,Dennis Schroder,23,76,75,2398,532,1183,0.45,96,285,0.337,436,898,0.486,0.49,215,252,0.853,42,196,238,480,73,15,253,141,1375
7,Ersan Ilyasova,PF,6-10,235,"May 15, 1987",tr,8,,Atlanta,Hawks,Ersan Ilyasova,29,53,40,27.3,5.4,12.2,0.44,2,5.6,0.359,3.4,6.6,0.509,0.522,2.1,2.7,0.768,1.3,4.6,5.9,1.8,0.6,0.3,1.5,2.5,14.8
10,Tim Hardaway,SG,6-6,205,"March 16, 1992",us,3,University of Michigan,Atlanta,Hawks,Tim Hardaway,24,75,26,2028,386,859,0.449,141,397,0.355,245,462,0.53,0.531,155,201,0.771,33,170,203,165,52,16,102,96,1068
25,Thabo Sefolosha,SF,6-7,220,"May 2, 1984",ch,10,,Atlanta,Hawks,Thabo Sefolosha,32,60,42,1556,172,386,0.446,41,117,0.35,131,269,0.487,0.499,55,75,0.733,51,212,263,106,94,31,55,97,440
31,Mike Muscala,C,6-11,240,"July 1, 1991",us,3,Bucknell University,Atlanta,Hawks,Mike Muscala,25,65,3,1132,151,306,0.493,41,100,0.41,110,206,0.534,0.56,47,62,0.758,72,148,220,81,28,37,52,90,390
34,Mike Dunleavy,SF,6-9,230,"September 15, 1980",us,14,Duke University,Atlanta,Hawks,Mike Dunleavy,36,25,0,399,45,103,0.437,26,62,0.419,19,41,0.463,0.563,13,16,0.813,11,50,61,25,7,2,13,28,129
4,Paul Millsap,PF,6-8,246,"February 10, 1985",us,10,Louisiana Tech University,Atlanta,Hawks,Paul Millsap,31,66,65,2255,412,936,0.44,73,234,0.312,339,702,0.483,0.479,291,382,0.762,106,400,506,246,87,62,147,177,1188
24,Kent Bazemore,SF,6-5,201,"July 1, 1989",us,4,Old Dominion University,Atlanta,Hawks,Kent Bazemore,27,70,64,1896,284,700,0.406,88,256,0.344,196,444,0.441,0.469,112,159,0.704,43,179,222,168,84,51,119,156,768
8,Dwight Howard,C,6-11,265,"December 8, 1985",us,12,,Atlanta,Hawks,Dwight Howard,31,71,71,2129,369,588,0.628,0,2,0,369,586,0.63,0.628,216,406,0.532,291,625,916,100,65,90,163,198,954
5,Malcolm Delaney,PG,6-3,190,"March 11, 1989",us,R,Virginia Polytechnic Institute and State University,Atlanta,Hawks,Malcolm Delaney,27,69,2,1174,137,366,0.374,23,101,0.228,114,265,0.43,0.406,66,84,0.786,11,106,117,176,37,1,90,107,363
12,Taurean Prince,SF,6-8,220,"March 22, 1994",us,R,Baylor University,Atlanta,Hawks,#N/A,#N/A,#N/A,#N/A,#N/A,#N/A,#N/A,#N/A,#N/A,#N/A,#N/A,#N/A,#N/A,#N/A,#N/A,#N/A,#N/A,#N/A,#N/A,#N/A,#N/A,#N/A,#N/A,#N/A,#N/A,#N/A,#N/A
95,DeAndre' Bembry,SF,6-6,210,"July 4, 1994",us,R,Saint Joseph's University,Atlanta,Hawks,DeAndre' Bembry,22,34,0,315,40,87,0.46,0,15,0,40,72,0.556,0.46,6,16,0.375,12,35,47,23,6,4,11,16,86
43,Kris Humphries,PF,6-9,235,"February 6, 1985",us,12,University of Minnesota,Atlanta,Hawks,Kris Humphries,31,53,2,625,79,191,0.414,16,46,0.348,63,145,0.434,0.455,61,76,0.803,53,133,186,25,11,19,26,65,235
30,Ryan Kelly,PF,6-11,230,"April 9, 1991",us,3,Duke University,Atlanta,Hawks,Ryan Kelly,25,14,0,69,4,15,0.267,2,6,0.333,2,9,0.222,0.333,3,4,0.75,0,12,12,5,4,2,3,4,13
13,Jose Calderon,PG,6-3,200,"September 28, 1981",es,11,,Atlanta,Hawks,Jose Calderon,35,12,0,158,10,32,0.313,3,18,0.167,7,14,0.5,0.359,7,8,0.875,5,16,21,18,4,0,9,10,30
1,Chris Bosh,PF,6-11,235,"March 24, 1984",us,13,Georgia Institute of Technology,Miami,Heat,#N/A,#N/A,#N/A,#N/A,#N/A,#N/A,#N/A,#N/A,#N/A,#N/A,#N/A,#N/A,#N/A,#N/A,#N/A,#N/A,#N/A,#N/A,#N/A,#N/A,#N/A,#N/A,#N/A,#N/A,#N/A,#N/A,#N/A
4,Josh McRoberts,PF,6-10,240,"February 28, 1987",us,9,Duke University,Miami,Heat,Josh McRoberts,29,22,14,17.3,2,5.4,0.373,0.6,1.4,0.419,1.4,4,0.356,0.428,0.3,0.4,0.667,1,2.3,3.4,2.3,0.5,0.2,1,1.4,4.9
20,Justise Winslow,SF,6-7,225,"March 26, 1996",us,1,Duke University,Miami,Heat,Justise Winslow,20,18,15,34.7,4.4,12.5,0.356,0.4,1.9,0.2,4.1,10.6,0.384,0.371,1.6,2.6,0.617,1.3,3.9,5.2,3.7,1.5,0.3,1.8,2.9,10.9
7,Goran Dragic,PG,6-3,190,"May 6, 1986",si,8,,Miami,Heat,Goran Dragic,30,68,68,33.5,7.3,15.2,0.476,1.6,4,0.406,5.6,11.3,0.501,0.529,4,5.1,0.79,0.8,3,3.9,5.9,1.2,0.2,2.9,2.8,20.2
5,Luke Babbitt,SF,6-9,225,"June 20, 1989",us,6,"University of Nevada, Reno",Miami,Heat,Luke Babbitt,27,68,55,15.7,1.7,4.1,0.402,1.3,3.1,0.414,0.4,1,0.366,0.557,0.2,0.2,0.733,0.2,1.9,2.1,0.5,0.3,0.2,0.4,1.7,4.8
0,Josh Richardson,SG,6-6,200,"September 15, 1993",us,1,University of Tennessee,Miami,Heat,Josh Richardson,23,48,29,29.6,3.7,9.5,0.387,1.3,4.2,0.308,2.4,5.3,0.449,0.455,1.1,1.4,0.754,0.6,2.5,3.2,2.5,1,0.7,1.2,2.5,9.7
8,Tyler Johnson,PG,6-4,186,"May 7, 1992",us,2,"California State University, Fresno",Miami,Heat,Tyler Johnson,24,68,0,29.9,5,11.4,0.434,1.2,3.4,0.361,3.7,8,0.465,0.488,2.6,3.4,0.766,0.7,3.3,4,3.2,1.2,0.6,1.2,2.4,13.7
21,Hassan Whiteside,C,7-0,265,"June 13, 1989",us,4,Marshall University,Miami,Heat,Hassan Whiteside,27,72,72,32.7,7,12.5,0.559,0,0,,7,12.5,0.559,0.559,2.8,4.5,0.624,3.8,10.3,14,0.7,0.7,2.1,2,2.9,16.8
2,Wayne Ellington,SG,6-4,200,"October 29, 1987",us,7,University of North Carolina,Miami,Heat,Wayne Ellington,29,57,13,24.4,3.8,9.2,0.414,2.4,6.4,0.371,1.4,2.8,0.513,0.543,0.6,0.7,0.854,0.3,1.8,2.1,1.1,0.6,0.1,0.5,1.1,10.6
40,Udonis Haslem,C,6-8,235,"June 9, 1980",us,13,University of Florida,Miami,Heat,Udonis Haslem,36,16,0,8.1,0.7,1.4,0.5,0,0.1,0,0.7,1.3,0.55,0.5,0.6,0.9,0.6,0.5,1.7,2.2,0.4,0.3,0.1,0.5,1.3,1
16,James Johnson,PF,6-9,250,"February 20, 1987",us,7,Wake Forest University,Miami,Heat,James Johnson,29,71,0,26.8,4.7,9.8,0.476,1.1,3.2,0.343,3.6,6.6,0.541,0.532,2,2.8,0.705,0.9,3.9,4.8,3.5,1,1.2,2.2,2.6,12.5
35,Willie Reed,C,6-10,220,"May 16, 1990",us,1,Saint Louis University,Miami,Heat,Willie Reed,26,66,5,14.6,2.3,4.1,0.563,0,0.1,0.25,2.3,4,0.568,0.565,0.7,1.2,0.568,1.8,2.9,4.7,0.4,0.3,0.7,0.4,1.9,5.3
17,Rodney McGruder,SG,6-4,205,"July 29, 1991",us,R,Kansas State University,Miami,Heat,Rodney McGruder,25,73,60,25.3,2.5,5.9,0.42,1,2.8,0.337,1.5,3.1,0.498,0.501,0.6,0.9,0.632,1.2,2.1,3.3,1.6,0.6,0.2,0.6,1.8,6.5
11,Dion Waiters,SG,6-4,225,"December 10, 1991",us,4,Syracuse University,Miami,Heat,Dion Waiters,25,46,43,30.1,6.1,14.4,0.423,1.8,4.7,0.394,4.3,9.7,0.438,0.487,1.8,2.8,0.646,0.4,3,3.3,4.3,0.9,0.4,2.2,2.1,15.8
15,Okaro White,PF,6-8,204,"August 13, 1992",us,R,Florida State University,Miami,Heat,Okaro White,24,30,0,13.4,1,2.4,0.411,0.4,0.9,0.407,0.6,1.5,0.413,0.486,0.7,0.7,0.909,0.9,1.8,2.7,0.6,0.3,0.3,0.6,1.6,3
14,Michael Kidd-Gilchrist,SF,6-7,232,"September 26, 1993",us,4,University of Kentucky,Charlotte,Hornets,Michael Kidd-Gilchrist,23,76,76,29.2,3.6,7.6,0.478,0,0.1,0.111,3.6,7.5,0.483,0.478,1.9,2.4,0.779,1.9,5.2,7.1,1.4,1,0.9,0.7,2.3,9.2
15,Kemba Walker,PG,6-1,172,"May 8, 1990",us,5,University of Connecticut,Charlotte,Hornets,Kemba Walker,26,76,76,34.6,8.1,18.3,0.444,3,7.5,0.402,5.1,10.8,0.474,0.527,3.8,4.5,0.848,0.6,3.4,4,5.5,1.1,0.3,2.2,1.5,23.1
40,Cody Zeller,PF,7-0,240,"October 5, 1992",us,3,Indiana University,Charlotte,Hornets,Cody Zeller,24,57,53,27.8,4.2,7.2,0.578,0,0,0,4.2,7.2,0.579,0.578,2.1,3.2,0.659,2.2,4.2,6.5,1.6,1,1,1.1,3.1,10.5
3,Jeremy Lamb,SG,6-5,185,"May 30, 1992",us,4,University of Connecticut,Charlotte,Hornets,Jeremy Lamb,24,57,5,18.1,3.5,7.8,0.457,0.7,2.3,0.293,2.9,5.4,0.528,0.501,1.7,2,0.841,0.4,3.8,4.2,1.2,0.4,0.4,0.6,1.6,9.4
44,Frank Kaminsky,C,7-0,242,"April 4, 1993",us,1,University of Wisconsin,Charlotte,Hornets,Frank Kaminsky,23,70,16,26.2,4.3,10.8,0.404,1.6,4.8,0.335,2.7,6,0.458,0.478,1.6,2.1,0.762,0.8,3.8,4.6,2.1,0.7,0.5,1,1.9,11.9
21,Marco Belinelli,SG,6-5,210,"March 25, 1986",it,9,,Charlotte,Hornets,Marco Belinelli,30,72,0,24.2,3.6,8.4,0.428,1.4,3.8,0.362,2.2,4.5,0.483,0.511,2.1,2.3,0.892,0.2,2.2,2.4,2,0.6,0.1,0.9,1.2,10.6
5,Nicolas Batum,SG,6-8,200,"December 14, 1988",fr,8,,Charlotte,Hornets,Nicolas Batum,28,72,72,34.3,5.1,12.7,0.4,1.8,5.3,0.336,3.3,7.3,0.446,0.47,3.1,3.7,0.859,0.6,5.8,6.4,5.9,1.1,0.4,2.6,1.5,15.1
7,Ramon Sessions,PG,6-3,190,"April 11, 1986",us,9,"University of Nevada, Reno",Charlotte,Hornets,Ramon Sessions,30,50,1,16.2,2,5.3,0.38,0.4,1.2,0.339,1.6,4,0.393,0.42,1.8,2.4,0.771,0.2,1.2,1.5,2.6,0.5,0.1,0.9,0.9,6.2
2,Marvin Williams,PF,6-9,237,"June 19, 1986",us,11,University of North Carolina,Charlotte,Hornets,Marvin Williams,30,71,71,30.5,4,9.4,0.428,1.7,4.7,0.352,2.4,4.7,0.503,0.516,1.8,2,0.868,1.2,5.4,6.6,1.5,0.8,0.7,0.7,1.8,11.5
22,Brian Roberts,PG,6-1,173,"December 3, 1985",us,4,University of Dayton,Charlotte,Hornets,Brian Roberts,31,36,0,9,1,2.6,0.38,0.4,1,0.417,0.6,1.6,0.357,0.462,0.8,1,0.833,0.1,0.8,0.9,1.4,0.2,0,0.5,0.5,3.2
35,Christian Wood,PF,6-11,220,"September 27, 1995",us,1,"University of Nevada, Las Vegas",Charlotte,Hornets,Christian Wood,21,12,0,7.8,0.8,1.7,0.5,0,0.4,0,0.8,1.3,0.667,0.5,0.9,1.1,0.846,1.1,1.1,2.2,0.2,0.3,0.5,0.5,0.8,2.6
12,Treveon Graham,SG,6-6,220,"October 29, 1993",us,R,Virginia Commonwealth University,Charlotte,Hornets,Treveon Graham,23,24,1,5.9,0.4,1,0.375,0.3,0.4,0.6,0.1,0.6,0.214,0.5,0.3,0.5,0.667,0.1,0.5,0.7,0.2,0.1,0,0.1,0.7,1.3
18,Miles Plumlee,C,6-11,249,"September 1, 1988",us,4,Duke University,Charlotte,Hornets,Miles Plumlee,28,8,0,12.5,1.4,1.9,0.733,0,0,,1.4,1.9,0.733,0.733,0.4,0.5,0.75,0.9,2.3,3.1,0.3,0.6,0.4,0.5,1.5,3.1
8,Johnny O'Bryant,PF,6-9,257,"June 1, 1993",us,2,Louisiana State University,Charlotte,Hornets,Johnny O'Bryant,23,4,0,8.5,2,3.8,0.533,0.3,0.8,0.333,1.8,3,0.583,0.567,0.3,0.5,0.5,1,1,2,1,0,0,0.8,1.5,4.5
0,Briante Weber,PG,6-2,165,"December 29, 1992",us,1,Virginia Commonwealth University,Charlotte,Hornets,Briante Weber,24,11,0,10.4,1.5,3,0.485,0,0.3,0,1.5,2.7,0.533,0.485,0.5,0.6,0.714,0.6,1,1.6,1.1,0.6,0,0.2,0.7,3.4
20,Jodie Meeks,SG,6-4,210,"August 21, 1987",us,7,University of Kentucky,Orlando,Magic,Jodie Meeks,29,31,9,20.6,2.9,7,0.408,1.5,3.6,0.407,1.4,3.4,0.41,0.514,1.7,1.9,0.881,0.1,2,2.1,1.3,1,0.1,0.9,1.1,8.9
31,Terrence Ross,SF,6-7,206,"February 5, 1991",us,4,University of Washington,Orlando,Magic,Terrence Ross,25,54,0,22.4,3.9,8.9,0.441,1.8,4.7,0.375,2.1,4.1,0.516,0.541,0.8,0.9,0.82,0.3,2.3,2.6,0.8,1,0.4,0.6,1.5,10.4
23,C.J. Wilcox,SG,6-5,195,"December 30, 1990",us,2,University of Washington,Orlando,Magic,C.J. Wilcox,26,22,0,4.9,0.4,1.4,0.258,0.1,0.7,0.2,0.2,0.7,0.313,0.306,0.1,0.1,1,0.2,0.4,0.5,0.5,0.1,0,0.3,0.4,1
0,Aaron Gordon,SF,6-9,220,"September 16, 1995",us,2,University of Arizona,Orlando,Magic,Aaron Gordon,21,75,67,28.4,4.8,10.6,0.448,0.9,3.3,0.284,3.8,7.3,0.523,0.492,1.9,2.7,0.703,1.4,3.5,4.9,1.9,0.8,0.5,1.1,2.1,12.4
4,Elfrid Payton,PG,6-4,185,"February 22, 1994",us,2,University of Louisiana at Lafayette,Orlando,Magic,Elfrid Payton,22,77,53,29.5,5.2,11,0.468,0.5,1.8,0.268,4.7,9.2,0.507,0.49,1.8,2.6,0.688,1.1,3.6,4.7,6.3,1.1,0.5,2.1,2.2,12.6
8,Mario Hezonja,SF,6-8,215,"February 25, 1995",hr,1,,Orlando,Magic,Mario Hezonja,21,60,2,14.1,1.7,4.9,0.347,0.6,2.1,0.281,1.1,2.8,0.398,0.408,0.5,0.6,0.763,0.3,1.9,2.2,1,0.4,0.2,0.9,1.1,4.5
32,C.J. Watson,PG,6-2,175,"April 17, 1984",us,9,University of Tennessee,Orlando,Magic,C.J. Watson,32,60,9,16.2,1.6,4,0.392,0.5,1.7,0.307,1,2.3,0.456,0.458,0.9,1,0.871,0.2,1.2,1.4,1.8,0.7,0,0.8,1.3,4.5
9,Nikola Vucevic,C,7-0,260,"October 24, 1990",ch,5,University of Southern California,Orlando,Magic,Nikola Vucevic,26,70,50,28.9,6.5,13.8,0.47,0.3,1,0.286,6.2,12.8,0.485,0.481,1.5,2.3,0.671,2.4,8,10.4,2.8,1,1,1.6,2.4,14.7
11,Bismack Biyombo,C,6-9,255,"August 28, 1992",cd,5,,Orlando,Magic,Bismack Biyombo,24,76,27,22.7,2.3,4.3,0.525,0,0,,2.3,4.3,0.525,0.525,1.5,2.9,0.525,2,5.1,7.1,0.9,0.3,1.1,1.2,2.5,6
34,Jeff Green,SF,6-9,235,"August 28, 1986",us,8,Georgetown University,Orlando,Magic,Jeff Green,30,69,11,22.2,3.2,8.1,0.394,0.8,2.8,0.275,2.4,5.3,0.458,0.442,2.1,2.4,0.863,0.6,2.5,3.1,1.2,0.5,0.2,1.1,1.5,9.2
14,D.J. Augustin,PG,6-0,183,"November 10, 1987",us,8,University of Texas at Austin,Orlando,Magic,D.J. Augustin,29,75,20,19.8,2.6,6.7,0.385,1.3,3.5,0.356,1.3,3.1,0.417,0.479,1.7,2.1,0.815,0.2,1.3,1.5,2.7,0.4,0,1.1,1.3,8.1
10,Evan Fournier,SG,6-7,205,"October 29, 1992",fr,4,,Orlando,Magic,Evan Fournier,24,64,62,33,6,13.8,0.438,1.8,5.3,0.346,4.2,8.5,0.495,0.504,3.2,4,0.798,0.7,2.5,3.2,3,1,0,2.1,2.7,17.1
33,Stephen Zimmerman,C,7-0,240,"September 9, 1996",us,R,"University of Nevada, Las Vegas",Orlando,Magic,Stephen Zimmerman,20,17,0,5.3,0.5,1.5,0.36,0,0,,0.5,1.5,0.36,0.36,0.2,0.3,0.6,0.5,1.2,1.8,0.2,0.1,0.2,0.1,0.7,1.2
3,Damjan Rudez,SF,6-10,228,"June 17, 1986",hr,2,,Orlando,Magic,Damjan Rudez,30,42,0,7.2,0.7,2,0.349,0.5,1.5,0.317,0.2,0.5,0.45,0.47,0,0,,0.1,0.5,0.6,0.5,0.3,0,0.2,0.7,1.9
2,Kyrie Irving,PG,6-3,193,"March 23, 1992",au,5,Duke University,Cleveland,Cavaliers,Kyrie Irving,24,68,68,35.1,9.3,19.8,0.469,2.4,6.1,0.396,6.8,13.6,0.502,0.53,4.2,4.6,0.908,0.8,2.5,3.3,5.7,1.2,0.4,2.6,2.2,25.1
8,Channing Frye,C,6-11,255,"May 17, 1983",us,10,University of Arizona,Cleveland,Cavaliers,Channing Frye,33,68,10,18.8,3.2,7,0.451,1.9,4.5,0.411,1.3,2.5,0.524,0.584,0.8,0.9,0.828,0.5,3.3,3.8,0.6,0.4,0.5,0.7,1.9,9
26,Kyle Korver,SG,6-7,212,"March 17, 1981",us,13,Creighton University,Cleveland,Cavaliers,Kyle Korver,35,32,21,894,108,245,0.441,65,159,0.409,43,86,0.5,0.573,24,27,0.889,1,89,90,75,22,13,40,47,305
0,Kevin Love,PF,6-10,251,"September 7, 1988",us,8,"University of California, Los Angeles",Cleveland,Cavaliers,Kevin Love,28,55,55,31.1,6.1,14.3,0.431,2.4,6.4,0.379,3.7,7.8,0.473,0.516,4.3,5,0.872,2.4,8.5,10.9,1.9,0.9,0.4,2.1,1.9,19.1
4,Iman Shumpert,SG,6-5,220,"June 26, 1990",us,5,Georgia Institute of Technology,Cleveland,Cavaliers,Iman Shumpert,26,70,29,25.7,2.7,6.6,0.409,1.3,3.6,0.367,1.4,3,0.459,0.509,0.9,1.1,0.788,0.5,2.4,2.9,1.5,0.8,0.4,0.9,2,7.6
13,Tristan Thompson,C,6-9,238,"March 13, 1991",ca,5,University of Texas at Austin,Cleveland,Cavaliers,Tristan Thompson,25,76,76,30.1,3.4,5.6,0.598,0,0,0,3.4,5.6,0.602,0.598,1.4,2.8,0.502,3.7,5.6,9.4,1,0.5,1.1,0.8,2.3,8.1
24,Richard Jefferson,SF,6-7,233,"June 21, 1980",us,15,University of Arizona,Cleveland,Cavaliers,Richard Jefferson,36,73,13,20.7,2,4.5,0.448,0.8,2.4,0.335,1.2,2.1,0.58,0.538,1,1.4,0.747,0.4,2.2,2.6,1,0.3,0.1,0.7,2,5.8
14,DeAndre Liggins,SG,6-6,209,"March 31, 1988",us,3,University of Kentucky,Cleveland,Cavaliers,DeAndre Liggins,28,58,19,12.8,0.9,2.3,0.383,0.3,0.8,0.378,0.6,1.5,0.386,0.447,0.4,0.6,0.622,0.3,1.4,1.7,0.9,0.8,0.2,0.7,1.3,2.4
1,James Jones,SF,6-8,218,"October 4, 1980",us,13,University of Miami,Cleveland,Cavaliers,James Jones,36,45,2,7.5,0.9,1.7,0.533,0.7,1.2,0.556,0.2,0.5,0.476,0.733,0.2,0.4,0.647,0,0.6,0.7,0.3,0.2,0.2,0.2,0.8,2.7
20,Kay Felder,PG,5-9,176,"March 29, 1995",us,R,Oakland University,Cleveland,Cavaliers,Kay Felder,21,41,0,9.2,1.5,3.8,0.387,0.2,0.5,0.318,1.3,3.2,0.398,0.41,0.9,1.2,0.714,0.1,0.9,1,1.3,0.4,0.2,0.7,0.9,4
23,LeBron James,SF,6-8,250,"December 30, 1984",us,13,,Cleveland,Cavaliers,LeBron James,32,70,70,37.6,9.9,18.2,0.544,1.7,4.7,0.367,8.2,13.5,0.606,0.592,4.8,7.2,0.669,1.3,7.2,8.5,8.7,1.2,0.6,4.1,1.8,26.3
5,J.R. Smith,SG,6-6,225,"September 9, 1985",us,12,,Cleveland,Cavaliers,J.R. Smith,31,35,29,28.4,3,8.6,0.346,2.3,6.5,0.358,0.6,2.1,0.306,0.482,0.3,0.4,0.667,0.4,2.2,2.6,1.3,1,0.3,0.6,1.9,8.6
31,Deron Williams,PG,6-3,200,"June 26, 1984",us,11,University of Illinois at Urbana-Champaign,Cleveland,Cavaliers,Deron Williams,32,18,2,19.7,2.6,5.3,0.484,0.7,1.8,0.394,1.8,3.4,0.532,0.553,0.8,0.9,0.875,0.1,1.5,1.6,3.6,0.2,0.2,1.2,1.7,6.6
3-32,Derrick Williams,PF,6-8,240,"May 25, 1991",us,5,University of Arizona,Cleveland,Cavaliers,Derrick Williams,25,25,11,15.1,2.2,5.5,0.394,0.4,1.8,0.2,1.8,3.7,0.489,0.427,1.2,2,0.62,0.6,2.3,2.9,0.6,0.4,0.2,0.6,1.3,5.9
9,Larry Sanders,C,6-11,235,"November 21, 1988",us,5,Virginia Commonwealth University,Cleveland,Cavaliers,Larry Sanders,28,2,0,2,0,0.5,0,0,0,,0,0.5,0,0,0,0,,0,0,0,0,0,0,0,1,0
21,Tony Snell,SG,6-7,200,"November 10, 1991",us,3,University of New Mexico,Milwaukee,Bucks,Tony Snell,25,76,76,29.3,3.1,6.8,0.455,1.8,4.5,0.402,1.3,2.3,0.561,0.589,0.6,0.8,0.81,0.3,2.9,3.2,1.2,0.6,0.2,0.7,1.6,8.6
31,John Henson,C,6-11,229,"December 28, 1990",us,4,University of North Carolina,Milwaukee,Bucks,John Henson,26,56,38,19.6,2.8,5.4,0.51,0,0,0,2.8,5.4,0.512,0.51,1.3,1.9,0.692,1.6,3.6,5.2,1,0.5,1.4,0.9,2.6,6.8
34,Giannis Antetokounmpo,SF,6-11,222,"December 6, 1994",gr,3,,Milwaukee,Bucks,Giannis Antetokounmpo,22,76,76,35.6,8.3,15.9,0.525,0.6,2.3,0.28,7.7,13.6,0.567,0.546,5.9,7.6,0.774,1.8,6.9,8.7,5.4,1.7,1.9,2.9,3.1,23.2
0,Spencer Hawes,PF,7-1,245,"April 28, 1988",us,9,University of Washington,Milwaukee,Bucks,Spencer Hawes,28,35,1,17.9,3,6.2,0.477,0.5,1.6,0.291,2.5,4.7,0.54,0.514,0.9,1,0.882,0.9,3.3,4.2,1.8,0.4,0.7,1.1,1.7,7.3
12,Jabari Parker,PF,6-8,250,"March 15, 1995",us,2,Duke University,Milwaukee,Bucks,Jabari Parker,21,51,50,33.9,7.8,16,0.49,1.3,3.5,0.365,6.5,12.5,0.525,0.53,3.2,4.3,0.743,1.5,4.6,6.1,2.8,1,0.4,1.8,2.2,20.1
20,Rashad Vaughn,SG,6-6,202,"August 16, 1996",us,1,"University of Nevada, Las Vegas",Milwaukee,Bucks,Rashad Vaughn,20,37,1,10.6,1.3,3.5,0.362,0.6,2,0.329,0.6,1.5,0.404,0.454,0,0.1,0.5,0.1,1.2,1.2,0.5,0.4,0.2,0.2,0.8,3.2
22,Khris Middleton,SG,6-8,234,"August 12, 1991",us,4,Texas A&M University,Milwaukee,Bucks,Khris Middleton,25,25,19,30.5,5.4,11.7,0.459,1.6,3.7,0.419,3.8,8,0.477,0.526,3.1,3.5,0.875,0.4,3.8,4.2,3.4,1.4,0.3,2.2,2.8,15.4
15,Greg Monroe,C,6-11,265,"June 4, 1990",us,6,Georgetown University,Milwaukee,Bucks,Greg Monroe,26,76,0,22.7,4.8,9,0.532,0,0,0,4.8,8.9,0.534,0.532,2.2,3,0.746,2.1,4.6,6.6,2.3,1.1,0.5,1.7,2.1,11.8
9,Michael Beasley,PF,6-9,235,"January 9, 1989",us,8,Kansas State University,Milwaukee,Bucks,Michael Beasley,28,52,5,16.7,3.9,7.1,0.544,0.3,0.7,0.421,3.6,6.4,0.559,0.566,1.4,1.9,0.73,0.7,2.8,3.5,1,0.5,0.5,1.2,1.7,9.5
35,Mirza Teletovic,PF,6-9,242,"September 18, 1985",ba,4,,Milwaukee,Bucks,Mirza Teletovic,31,65,2,15.7,2.2,5.9,0.38,1.5,4.3,0.343,0.8,1.6,0.48,0.505,0.5,0.7,0.767,0.2,2.1,2.3,0.7,0.2,0.2,0.5,1.5,6.4
8,Matthew Dellavedova,PG,6-4,198,"September 8, 1990",au,3,Saint Mary's College of California,Milwaukee,Bucks,Matthew Dellavedova,26,72,51,26.3,2.7,7,0.391,1,2.8,0.366,1.7,4.2,0.407,0.464,1.1,1.3,0.851,0.3,1.6,1.9,4.8,0.7,0,1.8,2,7.6
7,Thon Maker,PF,7-1,216,"February 25, 1997",ss,R,,Milwaukee,Bucks,Thon Maker,19,52,29,9,1.4,3,0.471,0.5,1.3,0.406,0.9,1.7,0.523,0.561,0.5,0.8,0.625,0.6,1.1,1.6,0.3,0.2,0.4,0.2,1.4,3.9
13,Malcolm Brogdon,SG,6-5,215,"December 11, 1992",us,R,University of Virginia,Milwaukee,Bucks,Malcolm Brogdon,24,73,26,26.5,3.9,8.5,0.457,1,2.6,0.404,2.8,5.9,0.48,0.519,1.5,1.7,0.865,0.6,2.2,2.8,4.3,1.1,0.2,1.5,1.9,10.3
3,Jason Terry,SG,6-2,185,"September 15, 1977",us,17,University of Arizona,Milwaukee,Bucks,Jason Terry,39,69,0,18.6,1.4,3.3,0.42,1,2.3,0.41,0.4,0.9,0.446,0.566,0.3,0.4,0.828,0.2,1.2,1.4,1.3,0.6,0.3,0.5,1.3,4.1
6,Terrence Jones,PF,6-9,252,"January 9, 1992",us,4,University of Kentucky,Milwaukee,Bucks,Terrence Jones,25,3,0,2,0,1,0,0,0,,0,1,0,0,0,0,,0,1,1,0,0.3,0.3,0,0,0
44,Nikola Mirotic,PF,6-10,220,"February 11, 1991",me,2,,Chicago,Bulls,Nikola Mirotic,25,65,10,23.7,3.6,8.7,0.412,1.8,5.3,0.339,1.8,3.4,0.525,0.515,1.4,1.8,0.769,0.8,4.5,5.3,1.1,0.7,0.8,1.1,1.8,10.3
7,Michael Carter-Williams,PG,6-6,190,"October 10, 1991",us,3,Syracuse University,Chicago,Bulls,Michael Carter-Williams,25,40,19,19.5,2.7,7,0.381,0.4,1.5,0.233,2.3,5.5,0.421,0.406,1.4,1.9,0.747,0.6,3.1,3.7,2.6,0.8,0.5,1.6,2.4,7.1
11,Anthony Morrow,SG,6-5,210,"September 27, 1985",us,8,Georgia Institute of Technology,Chicago,Bulls,Anthony Morrow,31,4,0,7.5,1.3,2.3,0.556,0.8,1,0.75,0.5,1.3,0.4,0.722,0.8,0.8,1,0,0,0,0,0,0,0,0.3,4
77,Joffrey Lauvergne,C,6-11,220,"September 30, 1991",fr,2,,Chicago,Bulls,Joffrey Lauvergne,25,15,1,13.1,1.8,4.8,0.375,0.4,1.1,0.353,1.4,3.7,0.382,0.417,0.5,0.9,0.538,1.1,2.3,3.4,0.9,0.3,0,0.7,0.6,4.5
22,Cameron Payne,PG,6-3,185,"August 8, 1994",us,1,Murray State University,Chicago,Bulls,Cameron Payne,22,10,0,14,2.1,6.3,0.333,1.1,3.4,0.324,1,2.9,0.345,0.421,0.1,0.4,0.25,0.1,1.5,1.6,1.5,0.4,0,1.3,1.3,5.4
2,Jerian Grant,PG,6-4,195,"October 9, 1992",us,1,University of Notre Dame,Chicago,Bulls,Jerian Grant,24,58,25,15.7,1.9,4.5,0.411,0.7,2,0.362,1.1,2.5,0.449,0.49,1,1.2,0.882,0.3,1.3,1.6,1.6,0.7,0.1,0.7,1.4,5.5
5,Bobby Portis,PF,6-11,230,"February 10, 1995",us,1,University of Arkansas,Chicago,Bulls,Bobby Portis,21,59,13,15.3,2.7,5.7,0.479,0.5,1.5,0.314,2.3,4.2,0.536,0.519,0.6,0.9,0.673,1.1,3.3,4.4,0.5,0.2,0.2,0.6,1.5,6.5
21,Jimmy Butler,SF,6-7,220,"September 14, 1989",us,5,Marquette University,Chicago,Bulls,Jimmy Butler,27,71,70,37,7.5,16.5,0.454,1.2,3.3,0.357,6.3,13.2,0.478,0.49,7.7,9,0.862,1.7,4.5,6.2,5.5,1.9,0.4,2,1.5,23.9
8,Robin Lopez,C,7-0,255,"April 1, 1988",us,8,Stanford University,Chicago,Bulls,Robin Lopez,28,76,76,28,4.7,9.5,0.492,0,0,0,4.7,9.5,0.494,0.492,0.9,1.2,0.71,3,3.3,6.4,1,0.2,1.4,1.1,1.9,10.2
6,Cristiano Felicio,C,6-10,275,"July 7, 1992",br,1,,Chicago,Bulls,Cristiano Felicio,24,62,0,15.9,2,3.4,0.573,0,0,,2,3.4,0.573,0.573,1,1.5,0.652,2,2.8,4.8,0.6,0.4,0.2,0.5,1.7,4.9
9,Rajon Rondo,PG,6-1,186,"February 22, 1986",us,10,University of Kentucky,Chicago,Bulls,Rajon Rondo,30,67,40,26.8,3.3,8.1,0.408,0.7,1.9,0.364,2.6,6.2,0.422,0.451,0.4,0.7,0.6,1,4.1,5.1,6.7,1.5,0.2,2.5,2.1,7.8
3,Dwyane Wade,SG,6-4,220,"January 17, 1982",us,13,Marquette University,Chicago,Bulls,Dwyane Wade,35,57,56,30.2,7,16.2,0.434,0.8,2.5,0.315,6.2,13.7,0.455,0.458,3.8,4.8,0.793,1.1,3.4,4.5,3.9,1.5,0.7,2.2,1.9,18.6
45,Denzel Valentine,SG,6-6,212,"November 16, 1993",us,R,Michigan State University,Chicago,Bulls,Denzel Valentine,23,52,0,17.4,1.9,5.2,0.361,1.3,3.8,0.354,0.5,1.4,0.378,0.489,0.3,0.3,0.778,0.2,2.5,2.7,1.1,0.6,0.1,0.9,1.5,5.3
16,Paul Zipser,SF,6-8,215,"February 18, 1994",de,R,,Chicago,Bulls,Paul Zipser,22,39,16,18.8,1.9,4.8,0.398,0.7,2.1,0.317,1.2,2.7,0.462,0.468,0.8,1,0.775,0.4,2.3,2.7,0.8,0.3,0.4,0.9,1.7,5.3
0,Isaiah Canaan,SG,6-0,201,"May 21, 1991",us,3,Murray State University,Chicago,Bulls,Isaiah Canaan,25,37,0,15.8,1.7,4.6,0.367,0.6,2.5,0.264,1,2.1,0.487,0.438,0.8,0.8,0.903,0.2,1.1,1.3,0.9,0.6,0,0.5,0.9,4.8
0,C.J. Miles,SF,6-6,225,"April 18, 1987",us,11,,Indiana,Pacers,C.J. Miles,29,71,29,23.6,3.8,8.6,0.437,2.3,5.4,0.418,1.5,3.2,0.469,0.569,1.2,1.3,0.902,0.4,2.6,3,0.6,0.6,0.4,0.5,2.1,11
13,Paul George,SF,6-9,220,"May 2, 1990",us,6,"California State University, Fresno",Indiana,Pacers,Paul George,26,70,70,35.7,8.1,17.8,0.453,2.5,6.5,0.389,5.5,11.3,0.489,0.523,4.5,5,0.901,0.8,5.7,6.5,3.3,1.5,0.4,3,2.8,23.2
44,Jeff Teague,PG,6-2,186,"June 10, 1988",us,7,Wake Forest University,Indiana,Pacers,Jeff Teague,28,77,77,32.4,4.9,11.1,0.443,1.1,3.1,0.364,3.8,8,0.473,0.494,4.3,5,0.867,0.4,3.7,4.2,7.8,1.2,0.4,2.7,2.1,15.3
33,Myles Turner,C,6-11,243,"March 24, 1996",us,1,University of Texas at Austin,Indiana,Pacers,Myles Turner,20,76,76,31.4,5.5,10.8,0.509,0.5,1.5,0.342,5,9.3,0.535,0.532,3,3.7,0.802,1.7,5.5,7.1,1.3,0.9,2.1,1.3,3.3,14.4
21,Thaddeus Young,PF,6-8,221,"June 21, 1988",us,9,Georgia Institute of Technology,Indiana,Pacers,Thaddeus Young,28,69,69,30,4.8,9.1,0.522,0.7,1.7,0.385,4.1,7.4,0.554,0.558,0.6,1.2,0.518,1.6,4.3,5.9,1.6,1.6,0.4,1.3,1.9,10.8
11,Monta Ellis,SG,6-3,185,"October 26, 1985",us,11,,Indiana,Pacers,Monta Ellis,31,69,28,27.2,3.4,7.7,0.446,0.6,1.8,0.317,2.9,5.9,0.486,0.484,1.3,1.8,0.74,0.3,2.6,2.8,3.2,1,0.3,1.8,2,8.8
5,Lavoy Allen,PF,6-9,260,"February 4, 1989",us,5,Temple University,Indiana,Pacers,Lavoy Allen,27,58,5,14.6,1.3,2.8,0.453,0,0,0,1.3,2.8,0.456,0.453,0.4,0.6,0.688,1.7,1.9,3.6,0.9,0.3,0.4,0.5,1.3,2.9
40,Glenn Robinson III,SF,6-6,222,"January 8, 1994",us,2,University of Michigan,Indiana,Pacers,#N/A,#N/A,#N/A,#N/A,#N/A,#N/A,#N/A,#N/A,#N/A,#N/A,#N/A,#N/A,#N/A,#N/A,#N/A,#N/A,#N/A,#N/A,#N/A,#N/A,#N/A,#N/A,#N/A,#N/A,#N/A,#N/A,#N/A
25,Rakeem Christmas,PF,6-9,250,"December 1, 1991",us,1,Syracuse University,Indiana,Pacers,Rakeem Christmas,25,25,0,8.7,0.8,1.7,0.442,0,0,,0.8,1.7,0.442,0.442,0.8,1.1,0.741,1,1.2,2.2,0.2,0.1,0.2,0.3,1.5,2.3
3,Joe Young,PG,6-2,180,"June 27, 1992",us,1,University of Oregon,Indiana,Pacers,Joe Young,24,30,0,4.4,0.8,2.3,0.357,0.2,0.8,0.217,0.7,1.6,0.426,0.393,0.4,0.5,0.733,0,0.5,0.5,0.5,0.1,0,0.2,0.2,2.2
7,Al Jefferson,C,6-10,289,"January 4, 1985",us,12,,Indiana,Pacers,Al Jefferson,32,66,1,14.1,3.6,7.1,0.499,0,0,0,3.6,7.1,0.5,0.499,1,1.3,0.765,1.1,3.1,4.2,0.9,0.3,0.2,0.5,1.9,8.1
32,Georges Niang,PF,6-8,230,"June 17, 1993",us,R,Iowa State University,Indiana,Pacers,Georges Niang,23,23,0,4,0.4,1.6,0.25,0,0.5,0.083,0.3,1,0.333,0.264,0.1,0.1,1,0.1,0.7,0.7,0.2,0.1,0,0.2,0.3,0.9
0,Aaron Brooks,PG,6-0,161,"January 14, 1985",us,8,University of Oregon,Indiana,Pacers,Aaron Brooks,32,60,0,13.6,1.9,4.8,0.397,0.7,2,0.355,1.2,2.8,0.428,0.472,0.5,0.6,0.789,0.3,0.8,1.1,1.9,0.4,0.2,1,1.4,5
1,Kevin Seraphin,PF,6-9,285,"December 7, 1989",gf,6,,Indiana,Pacers,Kevin Seraphin,27,44,3,10.8,2,3.7,0.54,0,0,0,2,3.7,0.547,0.54,0.1,0.2,0.5,0.8,1.9,2.8,0.5,0.1,0.4,0.5,1.2,4.1
6,Lance Stephenson,G-F,6-5,230,"September 5, 1990",us,6,University of Cincinnati,Indiana,Pacers,Lance Stephenson,26,1,0,18,2,7,0.286,0,1,0,2,6,0.333,0.286,0,0,,0,3,3,3,0,0,1,5,4
5,Kentavious Caldwell-Pope,SG,6-5,205,"February 18, 1993",us,3,University of Georgia,Detroit,Pistons,Kentavious Caldwell-Pope,23,72,72,33.8,5,12.4,0.404,2.1,5.8,0.359,2.9,6.6,0.442,0.487,2.1,2.5,0.832,0.8,2.5,3.3,2.6,1.2,0.2,1.1,1.6,14.1
25,Reggie Bullock,SF,6-7,205,"March 16, 1991",us,3,University of North Carolina,Detroit,Pistons,Reggie Bullock,25,26,3,13.4,1.3,3.6,0.362,0.5,1.9,0.26,0.8,1.7,0.477,0.431,0.2,0.3,0.714,0.3,1.5,1.9,0.7,0.5,0.1,0.3,0.7,3.3
13,Marcus Morris,SF,6-9,235,"September 2, 1989",us,5,University of Kansas,Detroit,Pistons,Marcus Morris,27,76,76,32.9,5.4,12.8,0.418,1.5,4.6,0.33,3.9,8.3,0.467,0.477,1.9,2.4,0.784,1,3.7,4.7,2.1,0.7,0.3,1.1,2.1,14.2
7,Stanley Johnson,SF,6-7,245,"May 29, 1996",us,1,University of Arizona,Detroit,Pistons,Stanley Johnson,20,72,0,17.2,1.7,4.6,0.362,0.5,1.9,0.277,1.1,2.7,0.422,0.419,0.5,0.7,0.667,0.5,2,2.5,1.3,0.7,0.3,0.9,1.6,4.3
12,Aron Baynes,C,6-10,260,"December 9, 1986",nz,4,Washington State University,Detroit,Pistons,Aron Baynes,30,74,2,15.5,1.9,3.7,0.504,0,0,,1.9,3.7,0.504,0.504,1,1.2,0.837,1.5,2.9,4.4,0.4,0.2,0.5,0.6,2.2,4.8
34,Tobias Harris,PF,6-9,235,"July 15, 1992",us,5,University of Tennessee,Detroit,Pistons,Tobias Harris,24,77,47,31.5,6.3,13,0.484,1.3,3.8,0.341,5,9.2,0.542,0.534,2.4,2.8,0.85,0.7,4.4,5.1,1.7,0.7,0.5,1.2,1.7,16.2
1,Reggie Jackson,PG,6-3,208,"April 16, 1990",it,5,Boston College,Detroit,Pistons,Reggie Jackson,26,52,50,27.4,5.5,13,0.419,1.3,3.5,0.359,4.2,9.5,0.442,0.468,2.3,2.6,0.868,0.4,1.8,2.2,5.2,0.7,0.1,2.2,2.5,14.5
6,Darrun Hilliard,SG,6-6,205,"April 13, 1993",us,1,Villanova University,Detroit,Pistons,Darrun Hilliard,23,35,1,9.2,1,3,0.327,0.3,1.1,0.237,0.7,1.9,0.379,0.37,0.5,0.7,0.708,0.1,0.8,0.8,0.8,0.2,0,0.6,0.9,2.7
30,Jon Leuer,PF,6-10,228,"May 14, 1989",us,5,University of Wisconsin,Detroit,Pistons,Jon Leuer,27,71,31,26.5,4.3,8.8,0.485,0.7,2.3,0.294,3.6,6.5,0.552,0.523,1.3,1.5,0.879,1.4,4.1,5.5,1.5,0.4,0.4,0.9,2,10.6
14,Ish Smith,PG,6-0,175,"July 5, 1988",us,6,Wake Forest University,Detroit,Pistons,Ish Smith,28,76,27,23.7,3.9,8.9,0.435,0.4,1.3,0.281,3.5,7.6,0.461,0.455,0.8,1.2,0.689,0.2,2.7,2.9,5,0.8,0.4,1.4,1.6,8.9
0,Andre Drummond,C,6-11,279,"August 10, 1993",us,4,University of Connecticut,Detroit,Pistons,Andre Drummond,23,76,76,30.1,6.1,11.4,0.533,0,0.1,0.286,6.1,11.4,0.535,0.534,1.7,4.4,0.391,4.3,9.7,14,1.1,1.6,1.1,1.9,2.9,14
51,Boban Marjanovic,C,7-3,290,"August 15, 1988",rs,1,,Detroit,Pistons,Boban Marjanovic,28,31,0,6.5,1.5,2.8,0.523,0,0,,1.5,2.8,0.523,0.523,1.2,1.5,0.8,1,1.9,2.9,0.2,0.1,0.3,0.2,0.5,4.1
9,Michael Gbinije,SG,6-7,200,"June 5, 1992",us,R,Syracuse University,Detroit,Pistons,Michael Gbinije,24,9,0,3.6,0.1,1.1,0.1,0,0.4,0,0.1,0.7,0.167,0.1,0.2,0.2,1,0.2,0.1,0.3,0.2,0,0,0,0.2,0.4
8,Henry Ellenson,PF,6-11,245,"January 13, 1997",us,R,Marquette University,Detroit,Pistons,Henry Ellenson,20,15,0,3.8,0.5,1.5,0.348,0.3,0.9,0.286,0.3,0.6,0.444,0.435,0.1,0.1,1,0.1,0.7,0.8,0.3,0,0,0.4,0.2,1.4
19,Beno Udrih,PG,6-3,205,"July 5, 1982",si,12,,Detroit,Pistons,Beno Udrih,34,36,0,13.9,2.3,4.9,0.466,0.3,0.9,0.323,2,4,0.497,0.494,0.8,0.9,0.938,0.1,1.3,1.4,3.1,0.3,0,0.9,0.7,5.7
8,Shelvin Mack,PG,6-3,203,"April 22, 1990",us,5,Butler University,Utah,Jazz,Shelvin Mack,26,50,9,21.3,3,6.7,0.448,0.6,2.1,0.302,2.4,4.6,0.515,0.496,0.9,1.3,0.697,0.3,1.9,2.2,2.7,0.8,0,1.6,1.8,7.6
27,Rudy Gobert,C,7-1,245,"June 26, 1992",fr,3,,Utah,Jazz,Rudy Gobert,24,76,76,34.1,5,7.6,0.659,0,0,0,5,7.6,0.66,0.659,3.8,5.9,0.649,4,8.9,12.9,1.2,0.6,2.7,1.9,3,13.9
3,George Hill,PG,6-3,188,"May 4, 1986",us,8,Indiana University-Purdue University Indianapolis,Utah,Jazz,George Hill,30,47,47,32,5.9,12.6,0.471,1.9,4.8,0.393,4,7.8,0.519,0.546,3.2,4,0.8,0.5,3,3.5,4.1,1,0.2,1.8,2.4,16.9
33,Boris Diaw,PF,6-8,250,"April 16, 1982",fr,13,,Utah,Jazz,Boris Diaw,34,68,28,17.5,2,4.5,0.45,0.3,1.1,0.256,1.8,3.4,0.515,0.482,0.3,0.5,0.71,0.6,1.4,2.1,2.2,0.2,0.1,1.2,1.1,4.7
15,Derrick Favors,PF,6-10,265,"July 15, 1991",us,6,Georgia Institute of Technology,Utah,Jazz,Derrick Favors,25,47,39,24.1,4,8.4,0.483,0.1,0.2,0.333,4,8.2,0.487,0.487,1.4,2.3,0.623,1.8,4.4,6.2,1.1,0.9,0.9,1.2,2.1,9.6
20,Gordon Hayward,SF,6-8,226,"March 23, 1990",us,6,Butler University,Utah,Jazz,Gordon Hayward,26,69,69,34.6,7.3,15.8,0.463,2,5.2,0.389,5.3,10.6,0.499,0.527,5,6,0.844,0.7,4.8,5.5,3.5,1,0.3,1.9,1.6,21.7
10,Alec Burks,SG,6-6,214,"July 20, 1991",us,5,University of Colorado,Utah,Jazz,Alec Burks,25,38,0,15.7,2.5,6.1,0.405,0.6,1.9,0.315,1.9,4.2,0.447,0.455,1.5,2,0.773,0.4,2.3,2.7,0.7,0.5,0.1,0.8,1.3,7.1
11,Dante Exum,PG,6-6,190,"July 13, 1995",au,1,,Utah,Jazz,Dante Exum,21,61,22,18.2,2.4,5.4,0.434,0.6,2.2,0.295,1.7,3.3,0.525,0.492,0.9,1.1,0.812,0.5,1.5,2,1.6,0.3,0.2,1.2,2.2,6.3
5,Rodney Hood,SG,6-8,206,"October 20, 1992",us,2,Duke University,Utah,Jazz,Rodney Hood,24,56,55,27.3,4.7,11.3,0.415,2,5.2,0.381,2.7,6.1,0.444,0.503,1.5,1.9,0.778,0.3,3.1,3.4,1.6,0.7,0.2,1.1,2.3,12.9
41,Trey Lyles,PF,6-10,234,"November 5, 1995",ca,1,University of Kentucky,Utah,Jazz,Trey Lyles,21,68,4,16.8,2.3,6.4,0.365,0.9,3,0.317,1.4,3.4,0.407,0.439,0.8,1.1,0.72,0.7,2.7,3.4,1,0.4,0.3,0.9,1.4,6.4
2,Joe Ingles,SF,6-8,226,"October 2, 1987",au,2,,Utah,Jazz,Joe Ingles,29,77,21,23.6,2.5,5.4,0.456,1.5,3.4,0.448,1,2.1,0.468,0.595,0.6,0.9,0.742,0.3,2.8,3.1,2.6,1.2,0.1,1.2,2,7.1
25,Raul Neto,PG,6-1,179,"May 19, 1992",br,1,,Utah,Jazz,Raul Neto,24,39,0,8.5,1.1,2.3,0.461,0.3,0.8,0.333,0.8,1.5,0.525,0.517,0.2,0.2,0.889,0.1,0.6,0.7,0.8,0.5,0.1,0.4,1.2,2.6
24,Jeff Withey,C,7-0,231,"March 7, 1990",us,3,University of Kansas,Utah,Jazz,Jeff Withey,26,47,1,8.6,1,2,0.51,0,0,0,1,2,0.516,0.51,0.7,0.9,0.773,1,1.4,2.4,0.1,0.3,0.6,0.3,1,2.8
6,Joe Johnson,SF,6-7,240,"June 29, 1981",us,15,University of Arkansas,Utah,Jazz,Joe Johnson,35,73,14,23.5,3.4,7.8,0.429,1.2,3.2,0.384,2.2,4.7,0.46,0.507,0.8,1,0.831,0.5,2.7,3.2,1.8,0.4,0.2,0.9,1.2,8.8
21,Joel Bolomboy,PF,6-9,235,"January 28, 1994",ua,R,Weber State University,Utah,Jazz,Joel Bolomboy,23,10,0,3.5,0.7,1.2,0.583,0,0.2,0,0.7,1,0.7,0.583,0.2,0.4,0.5,0.1,1,1.1,0.2,0.1,0.1,0.2,0.1,1.6
22,Taj Gibson,PF,6-9,225,"June 24, 1985",us,7,University of Southern California,Oklahoma City,Thunder,Taj Gibson,31,55,55,27.3,5,9.6,0.521,0,0.2,0.167,5,9.4,0.529,0.523,1.5,2.2,0.714,2.2,4.8,7,1.1,0.5,0.9,1.4,2.2,11.6
21,Andre Roberson,SF,6-7,210,"December 4, 1991",us,3,University of Colorado,Oklahoma City,Thunder,Andre Roberson,25,76,76,30.5,2.8,6,0.465,0.6,2.4,0.25,2.2,3.6,0.606,0.514,0.6,1.4,0.431,1.3,3.9,5.2,1,1.2,1,0.7,2.6,6.8
0,Russell Westbrook,PG,6-3,200,"November 12, 1988",us,8,"University of California, Los Angeles",Oklahoma City,Thunder,Russell Westbrook,28,76,76,34.8,10.3,24.2,0.425,2.4,7.1,0.339,7.9,17.1,0.461,0.475,8.9,10.6,0.842,1.7,9,10.6,10.4,1.7,0.4,5.4,2.3,31.9
4,Nick Collison,PF,6-10,255,"October 26, 1980",us,12,University of Kansas,Oklahoma City,Thunder,Nick Collison,36,16,0,6,0.6,0.8,0.692,0,0,,0.6,0.8,0.692,0.692,0.3,0.5,0.625,0.4,0.9,1.3,0.6,0.1,0.1,0.2,0.8,1.4
12,Steven Adams,C,7-0,255,"July 20, 1993",nz,3,University of Pittsburgh,Oklahoma City,Thunder,Steven Adams,23,74,74,30.1,4.7,8.2,0.576,0,0,0,4.7,8.2,0.578,0.576,2,3.3,0.611,3.4,4.2,7.6,1.1,1.1,1,1.9,2.4,11.5
5,Victor Oladipo,SG,6-4,210,"May 4, 1992",us,3,Indiana University,Oklahoma City,Thunder,Victor Oladipo,24,61,61,33.4,6.3,14.1,0.448,2,5.3,0.377,4.3,8.8,0.491,0.519,1.7,2.2,0.765,0.6,3.8,4.3,2.5,1.2,0.3,1.7,2.4,16.4
25,Doug McDermott,SF,6-8,225,"January 3, 1992",us,2,Creighton University,Oklahoma City,Thunder,Doug McDermott,25,44,4,24.5,3.8,8.5,0.445,1.3,3.4,0.376,2.5,5.1,0.491,0.52,1.3,1.5,0.881,0.3,2.6,3,1,0.3,0.1,0.7,1.3,10.2
9,Jerami Grant,SF,6-8,210,"March 12, 1994",us,2,Syracuse University,Oklahoma City,Thunder,Jerami Grant,22,2,0,20.5,3,8.5,0.353,0,1,0,3,7.5,0.4,0.353,2,4,0.5,0,3.5,3.5,0,0,2,1.5,2.5,8
15,Kyle Singler,SF,6-8,228,"May 4, 1988",us,4,Duke University,Oklahoma City,Thunder,Kyle Singler,28,28,0,10.2,0.8,2,0.4,0.2,0.9,0.231,0.6,1,0.552,0.455,0.3,0.4,0.818,0.1,1,1.1,0.2,0.1,0.1,0.4,0.8,2.1
11,Enes Kanter,C,6-11,245,"May 20, 1992",ch,5,,Oklahoma City,Thunder,Enes Kanter,24,66,0,21.5,5.6,10.2,0.552,0.1,0.5,0.139,5.6,9.7,0.575,0.556,3.1,3.9,0.787,2.7,4.1,6.8,1,0.4,0.6,1.7,2.1,14.4
34,Josh Huestis,PF,6-7,230,"December 19, 1991",us,1,Stanford University,Oklahoma City,Thunder,Josh Huestis,25,1,0,7,3,4,0.75,1,2,0.5,2,2,1,0.875,0,0,,2,2,4,1,0,1,0,0,7
8,Alex Abrines,SG,6-6,190,"August 1, 1993",es,R,,Oklahoma City,Thunder,Alex Abrines,23,65,6,15.6,1.9,4.9,0.386,1.3,3.6,0.365,0.6,1.4,0.443,0.519,0.7,0.8,0.898,0.2,1,1.2,0.6,0.6,0.1,0.5,1.7,5.8
3,Domantas Sabonis,PF,6-11,240,"May 3, 1996",us,R,Gonzaga University,Oklahoma City,Thunder,Domantas Sabonis,20,75,65,20.5,2.4,5.9,0.405,0.6,1.9,0.317,1.8,3.9,0.447,0.457,0.5,0.7,0.618,0.5,3,3.6,1,0.5,0.4,1,2.5,5.8
6,Semaj Christon,PG,6-3,190,"November 1, 1992",us,R,Xavier University,Oklahoma City,Thunder,Semaj Christon,24,58,0,14.5,1.2,3.4,0.342,0.2,0.9,0.17,1,2.5,0.406,0.365,0.3,0.5,0.517,0.3,1,1.3,2,0.4,0.1,0.7,1.2,2.7
30,Norris Cole,PG,6-2,175,"October 13, 1988",us,5,Cleveland State University,Oklahoma City,Thunder,Norris Cole,28,9,0,7.6,1,3.1,0.321,0.1,0.6,0.2,0.9,2.6,0.348,0.339,0.2,0.2,1,0,0.6,0.6,1.1,0.3,0,0.8,0.8,2.3
0,Damian Lillard,PG,6-3,195,"July 15, 1990",us,4,Weber State University,Portland,Trailblazers,Damian Lillard,26,71,71,35.8,8.8,19.6,0.448,2.8,7.6,0.371,6,12,0.497,0.52,6.4,7.2,0.896,0.6,4.2,4.9,5.9,0.9,0.3,2.7,2.1,26.8
3,C.J. McCollum,SG,6-4,200,"September 19, 1991",us,3,Lehigh University,Portland,Trailblazers,C.J. McCollum,25,76,76,34.9,8.7,18,0.486,2.4,5.6,0.427,6.3,12.4,0.513,0.553,3.4,3.7,0.912,0.7,2.9,3.6,3.6,0.9,0.5,2.2,2.6,23.3
6,Shabazz Napier,PG,6-1,175,"July 14, 1991",us,2,University of Connecticut,Portland,Trailblazers,Shabazz Napier,25,49,0,8.9,1.1,2.9,0.373,0.5,1.6,0.338,0.6,1.3,0.415,0.465,0.5,0.7,0.727,0.1,0.9,1,1.2,0.6,0,0.7,0.6,3.2
21,Noah Vonleh,PF,6-10,240,"August 24, 1995",us,2,Indiana University,Portland,Trailblazers,Noah Vonleh,21,68,35,16,1.6,3.5,0.475,0.1,0.3,0.35,1.5,3.2,0.486,0.489,0.7,1.2,0.588,1.5,3.4,4.9,0.4,0.4,0.3,0.9,2,4.1
27,Jusuf Nurkic,C,7-0,280,"August 23, 1994",ba,2,,Portland,Trailblazers,Jusuf Nurkic,22,20,19,29.2,6,11.8,0.508,0,0.1,0,6,11.8,0.511,0.508,3.2,4.9,0.66,3.3,7.1,10.4,3.2,1.3,1.9,3.1,3.7,15.2
8,Al-Farouq Aminu,SF,6-9,220,"September 21, 1990",us,6,Wake Forest University,Portland,Trailblazers,Al-Farouq Aminu,26,56,23,28.8,3,7.5,0.398,1.1,3.4,0.324,1.9,4.1,0.457,0.47,1.5,2.2,0.694,1.2,6.3,7.4,1.6,1,0.7,1.6,1.7,8.6
17,Ed Davis,PF,6-10,240,"June 5, 1989",us,6,University of North Carolina,Portland,Trailblazers,Ed Davis,27,46,12,17.2,1.6,3.1,0.528,0,0,,1.6,3.1,0.528,0.528,1.1,1.8,0.617,2.1,3.2,5.3,0.6,0.3,0.5,0.8,3,4.3
5,Pat Connaughton,SG,6-5,206,"January 6, 1993",us,1,University of Notre Dame,Portland,Trailblazers,Pat Connaughton,24,35,0,6.7,0.7,1.3,0.489,0.3,0.5,0.474,0.4,0.8,0.5,0.585,0.2,0.3,0.778,0.3,0.8,1.1,0.5,0.1,0.1,0.3,0.5,1.8
1,Evan Turner,SG,6-7,220,"October 27, 1988",us,6,Ohio State University,Portland,Trailblazers,Evan Turner,28,59,10,25.5,3.6,8.4,0.428,0.5,1.8,0.275,3.1,6.6,0.47,0.458,1.4,1.6,0.833,0.6,3.2,3.7,3.1,0.8,0.3,1.5,1.8,9.1
23,Allen Crabbe,SG,6-6,210,"April 9, 1992",us,3,University of California,Portland,Trailblazers,Allen Crabbe,24,76,7,28.5,3.8,8.1,0.464,1.6,3.8,0.436,2.1,4.3,0.488,0.565,1.4,1.6,0.858,0.3,2.6,2.8,1.1,0.7,0.2,0.8,2.2,10.5
10,Jake Layman,SF,6-9,210,"March 7, 1994",us,R,University of Maryland,Portland,Trailblazers,Jake Layman,22,31,0,5.7,0.6,2,0.302,0.3,1.3,0.244,0.3,0.7,0.409,0.381,0.4,0.5,0.765,0.1,0.4,0.5,0.2,0.2,0.1,0.2,0.6,2
11,Meyers Leonard,PF,7-1,245,"February 27, 1992",us,4,University of Illinois at Urbana-Champaign,Portland,Trailblazers,Meyers Leonard,24,68,8,15.8,1.9,5,0.385,1,2.8,0.347,0.9,2.2,0.432,0.482,0.5,0.6,0.875,0.4,2.7,3.1,1,0.1,0.4,0.5,2.3,5.3
31,Festus Ezeli,C,6-11,255,"October 21, 1989",ng,3,Vanderbilt University,Portland,Trailblazers,#N/A,#N/A,#N/A,#N/A,#N/A,#N/A,#N/A,#N/A,#N/A,#N/A,#N/A,#N/A,#N/A,#N/A,#N/A,#N/A,#N/A,#N/A,#N/A,#N/A,#N/A,#N/A,#N/A,#N/A,#N/A,#N/A,#N/A
4,Maurice Harkless,SF,6-9,215,"May 11, 1993",us,4,St. John's University,Portland,Trailblazers,Maurice Harkless,23,72,65,28.8,4.1,8.2,0.495,0.9,2.6,0.346,3.2,5.6,0.564,0.55,1.1,1.7,0.639,1.7,2.8,4.5,1.2,1.1,0.9,1.2,2.8,10.1
55,Tim Quarterman,SG,6-6,195,"October 27, 1994",us,R,Louisiana State University,Portland,Trailblazers,Tim Quarterman,22,13,0,3.4,0.6,1,0.615,0.2,0.5,0.5,0.4,0.5,0.714,0.731,0,0,,0.2,0.3,0.5,0.6,0.1,0.2,0.3,0.3,1.5
24,Mason Plumlee,C,6-11,245,"March 5, 1990",us,3,Duke University,Denver,Nuggets,Mason Plumlee,26,54,54,28.1,4.4,8.2,0.532,0,0.1,0,4.4,8.1,0.538,0.532,2.4,4.1,0.567,2.2,5.8,8,4,0.9,1.2,1.6,2.8,11.1
8,Danilo Gallinari,SF,6-10,225,"August 8, 1988",it,7,,Denver,Nuggets,Danilo Gallinari,28,59,59,33.6,5.1,11.7,0.439,1.9,4.9,0.384,3.2,6.7,0.48,0.52,5.6,6.2,0.902,0.6,4.4,5.1,2.1,0.7,0.3,1.3,1.5,17.7
21,Wilson Chandler,SF,6-8,225,"May 10, 1987",us,8,DePaul University,Denver,Nuggets,Wilson Chandler,29,66,31,31.1,6.2,13.5,0.461,1.5,4.5,0.333,4.7,8.9,0.526,0.517,2,2.7,0.733,1.5,5,6.5,2.1,0.8,0.5,1.7,2.3,15.9
35,Kenneth Faried,PF,6-8,228,"November 19, 1989",us,5,Morehead State University,Denver,Nuggets,Kenneth Faried,27,58,31,21.7,3.8,6.9,0.55,0,0.1,0,3.8,6.8,0.558,0.55,2.2,3.2,0.696,3.1,4.7,7.7,0.9,0.7,0.7,1,2,9.8
14,Gary Harris,SG,6-4,210,"September 14, 1994",us,2,Michigan State University,Denver,Nuggets,Gary Harris,22,52,51,30.8,5.5,11.1,0.498,1.9,4.5,0.418,3.7,6.7,0.552,0.582,1.8,2.3,0.787,0.8,2.2,3,2.6,1.3,0.2,1.3,1.6,14.8
0,Emmanuel Mudiay,PG,6-5,200,"March 5, 1996",cd,1,,Denver,Nuggets,Emmanuel Mudiay,20,51,41,25.9,3.8,10.1,0.372,1,3.3,0.313,2.7,6.9,0.4,0.422,2.4,3.1,0.788,0.5,2.8,3.3,3.9,0.7,0.3,2.3,1.7,11
1,Jameer Nelson,PG,6-0,190,"February 9, 1982",us,12,Saint Joseph's University,Denver,Nuggets,Jameer Nelson,34,74,38,27.2,3.6,8,0.445,1.4,3.6,0.39,2.2,4.4,0.491,0.533,0.6,0.9,0.714,0.4,2.2,2.6,5.1,0.7,0.1,1.7,2.6,9.2
15,Nikola Jokic,C,6-10,250,"February 19, 1995",rs,1,,Denver,Nuggets,Nikola Jokic,21,67,53,27.6,6.7,11.5,0.582,0.6,1.8,0.336,6.1,9.7,0.628,0.608,2.5,3,0.827,3,6.6,9.6,4.9,0.8,0.7,2.3,2.9,16.5
5,Will Barton,SG,6-6,175,"January 6, 1991",us,4,University of Memphis,Denver,Nuggets,Will Barton,26,60,19,28.4,4.9,11.1,0.442,1.5,3.9,0.37,3.5,7.2,0.481,0.507,2.4,3.2,0.753,1,3.4,4.3,3.4,0.8,0.5,1.6,1.8,13.7
34,Roy Hibbert,C,7-2,270,"December 11, 1986",us,8,Georgetown University,Denver,Nuggets,Roy Hibbert,30,42,13,16,1.9,3.4,0.542,0,0,,1.9,3.4,0.542,0.542,1.5,1.8,0.813,1.3,2.4,3.6,0.5,0.2,1,0.7,2.3,5.2
0,Darrell Arthur,PF,6-9,235,"March 25, 1988",us,7,University of Kansas,Denver,Nuggets,Darrell Arthur,28,39,7,15.3,2.3,5.1,0.452,1.3,2.7,0.462,1.1,2.4,0.441,0.575,0.3,0.3,0.846,0.6,2.1,2.7,1.1,0.4,0.5,0.9,1.9,6.2
25,Malik Beasley,SG,6-5,196,"November 26, 1996",us,R,Florida State University,Denver,Nuggets,Malik Beasley,20,19,0,4.7,1,2.3,0.432,0.3,0.9,0.353,0.7,1.4,0.481,0.5,0.3,0.4,0.75,0.1,0.4,0.5,0.3,0.2,0,0.3,0.3,2.6
3,Mike Miller,SF,6-8,218,"February 19, 1980",us,16,University of Florida,Denver,Nuggets,Mike Miller,36,17,0,5.4,0.4,0.9,0.4,0.4,0.8,0.462,0,0.1,0,0.6,0.1,0.1,1,0.1,1.2,1.4,0.7,0.1,0,0.5,0.4,1.2
27,Jamal Murray,SG,6-4,207,"February 23, 1997",ca,R,University of Kentucky,Denver,Nuggets,Jamal Murray,19,76,5,20.5,3.4,8.5,0.399,1.4,4.1,0.34,2,4.4,0.453,0.48,1.2,1.4,0.869,0.5,2,2.5,1.8,0.6,0.3,1.3,1.6,9.4
41,Juan Hernangomez,PF,6-9,230,"September 28, 1995",es,R,,Denver,Nuggets,Juan Hernangomez,21,57,8,13.3,1.6,3.3,0.476,0.7,1.6,0.44,0.9,1.7,0.51,0.582,0.9,1.3,0.75,0.7,2.3,3,0.5,0.5,0.2,0.5,1,4.8
9,Ricky Rubio,PG,6-4,194,"October 21, 1990",es,5,,Minnesota,Timberwolves,Ricky Rubio,26,69,69,32.7,3.4,8.3,0.409,0.8,2.6,0.318,2.6,5.7,0.45,0.459,3.3,3.7,0.886,0.9,3.1,4,9,1.8,0.1,2.6,2.7,10.9
15,Shabazz Muhammad,SF,6-6,223,"November 13, 1992",us,3,"University of California, Los Angeles",Minnesota,Timberwolves,Shabazz Muhammad,24,71,1,19.5,3.5,7.4,0.48,0.6,1.8,0.354,2.9,5.6,0.522,0.524,1.8,2.3,0.773,1,1.8,2.8,0.5,0.3,0.1,0.7,1.1,9.5
5,Gorgui Dieng,PF,6-11,241,"January 18, 1990",sn,3,University of Louisville,Minnesota,Timberwolves,Gorgui Dieng,27,75,75,32.2,4.1,8.2,0.501,0.2,0.5,0.39,3.9,7.7,0.509,0.514,1.6,2.1,0.799,2.3,5.6,7.9,1.9,1.1,1.2,1.3,3.1,10.1
14,Nikola Pekovic,C,6-11,307,"January 3, 1986",me,6,,Minnesota,Timberwolves,#N/A,#N/A,#N/A,#N/A,#N/A,#N/A,#N/A,#N/A,#N/A,#N/A,#N/A,#N/A,#N/A,#N/A,#N/A,#N/A,#N/A,#N/A,#N/A,#N/A,#N/A,#N/A,#N/A,#N/A,#N/A,#N/A,#N/A
22,Andrew Wiggins,SF,6-8,199,"February 23, 1995",ca,2,University of Kansas,Minnesota,Timberwolves,Andrew Wiggins,21,75,75,37.3,8.5,18.8,0.453,1.2,3.4,0.36,7.3,15.4,0.474,0.486,4.9,6.5,0.753,1.3,2.7,4,2.3,1,0.4,2.3,2.3,23.2
8,Zach LaVine,SG,6-5,189,"March 10, 1995",us,2,"University of California, Los Angeles",Minnesota,Timberwolves,Zach LaVine,21,47,47,37.2,6.9,15.1,0.459,2.6,6.6,0.387,4.4,8.5,0.515,0.544,2.5,3,0.836,0.4,3,3.4,3,0.9,0.2,1.8,2.2,18.9
33,Adreian Payne,PF,6-10,237,"February 19, 1991",us,2,Michigan State University,Minnesota,Timberwolves,Adreian Payne,25,14,0,7.6,1.4,3.2,0.444,0.1,0.8,0.182,1.3,2.4,0.529,0.467,1,1.4,0.737,0.5,1.2,1.7,0.4,0.4,0.4,0.5,1.9,4
32,Karl-Anthony Towns,C,7-0,244,"November 15, 1995",us,1,University of Kentucky,Minnesota,Timberwolves,Karl-Anthony Towns,21,75,75,37,9.6,18,0.534,1.2,3.4,0.354,8.4,14.6,0.576,0.568,4.3,5.3,0.827,3.7,8.4,12.1,2.7,0.7,1.3,2.6,3,24.7
1,Tyus Jones,PG,6-2,195,"May 10, 1996",us,1,Duke University,Minnesota,Timberwolves,Tyus Jones,20,53,0,12.7,1.2,3,0.405,0.4,1.3,0.343,0.8,1.7,0.451,0.478,0.6,0.8,0.775,0.2,0.9,1.1,2.6,0.8,0.1,0.6,0.8,3.4
88,Nemanja Bjelica,PF,6-10,240,"May 9, 1988",rs,1,,Minnesota,Timberwolves,Nemanja Bjelica,28,65,1,18.3,2.3,5.5,0.424,0.9,2.7,0.316,1.5,2.8,0.531,0.503,0.7,0.9,0.738,0.9,2.9,3.8,1.2,0.6,0.3,0.9,2.4,6.2
45,Cole Aldrich,C,6-11,250,"October 31, 1988",us,6,University of Kansas,Minnesota,Timberwolves,Cole Aldrich,28,60,0,8.5,0.7,1.3,0.538,0,0,,0.7,1.3,0.538,0.538,0.3,0.4,0.682,0.8,1.7,2.6,0.4,0.4,0.4,0.3,1.4,1.7
3,Kris Dunn,PG,6-4,210,"March 18, 1994",us,R,Providence College,Minnesota,Timberwolves,Kris Dunn,22,71,6,17.2,1.6,4,0.388,0.3,1,0.286,1.3,3,0.421,0.423,0.5,0.8,0.61,0.3,1.9,2.2,2.3,1,0.5,1.2,2.2,3.9
4,Brandon Rush,SG,6-6,220,"July 7, 1985",us,8,University of Kansas,Minnesota,Timberwolves,Brandon Rush,31,40,26,20.9,1.5,4.1,0.37,1,2.4,0.406,0.5,1.7,0.318,0.491,0.2,0.3,0.75,0.3,1.8,2.1,1,0.5,0.5,0.5,0.9,4.2
27,Jordan Hill,C,6-10,235,"July 27, 1987",us,7,University of Arizona,Minnesota,Timberwolves,Jordan Hill,29,6,0,6.8,0.7,1.8,0.364,0,0,,0.7,1.8,0.364,0.364,0.3,0.3,1,1.2,1,2.2,0,0.2,0,0.5,1.5,1.7
7,Lance Stephenson,SG,6-5,230,"September 5, 1990",us,6,University of Cincinnati,Minnesota,Timberwolves,Lance Stephenson,26,1,0,18,2,7,0.286,0,1,0,2,6,0.333,0.286,0,0,,0,3,3,3,0,0,1,5,4
18,Omri Casspi,SF,6-9,225,"June 22, 1988",il,7,,Minnesota,Timberwolves,Omri Casspi,28,6,0,14.8,1.2,2.5,0.467,0.2,0.8,0.2,1,1.7,0.6,0.5,0.7,0.7,1,0.2,0.7,0.8,0.5,0.5,0.2,1,1.7,3.2
9,Tony Parker,PG,6-2,185,"May 17, 1982",be,15,,San Antonio,Spurs,Tony Parker,34,58,58,25.4,4.2,9.1,0.458,0.4,1.1,0.338,3.8,8,0.475,0.479,1.3,1.9,0.722,0.2,1.7,1.9,4.6,0.5,0,1.4,1.5,10.1
8,Patty Mills,PG,6-0,185,"August 11, 1988",au,7,Saint Mary's College of California,San Antonio,Spurs,Patty Mills,28,74,7,22.1,3.5,7.9,0.447,1.9,4.5,0.417,1.6,3.4,0.488,0.567,0.9,1.1,0.821,0.3,1.5,1.8,3.5,0.8,0,1.2,1.4,9.8
1,Kyle Anderson,SG,6-9,230,"September 20, 1993",us,2,"University of California, Los Angeles",San Antonio,Spurs,Kyle Anderson,23,66,13,13.4,1.2,2.6,0.453,0.2,0.5,0.406,1,2.1,0.464,0.491,0.6,0.8,0.82,0.4,2.3,2.7,1.2,0.7,0.3,0.5,0.8,3.2
2,Kawhi Leonard,SF,6-7,230,"June 29, 1991",us,5,San Diego State University,San Antonio,Spurs,Kawhi Leonard,25,69,69,33.8,8.7,17.9,0.484,1.9,5.3,0.368,6.7,12.6,0.532,0.538,6.6,7.5,0.88,1.1,4.7,5.9,3.6,1.8,0.8,2.1,1.6,25.9
14,Danny Green,SG,6-6,215,"June 22, 1987",us,7,University of North Carolina,San Antonio,Spurs,Danny Green,29,66,66,26.8,2.6,6.6,0.395,1.8,4.6,0.384,0.8,2,0.421,0.529,0.4,0.5,0.844,0.4,2.8,3.3,1.8,1,0.8,1.1,1.8,7.4
12,LaMarcus Aldridge,PF,6-11,260,"July 19, 1985",us,10,University of Texas at Austin,San Antonio,Spurs,LaMarcus Aldridge,31,67,67,32.7,7,14.7,0.473,0.3,0.8,0.431,6.6,14,0.475,0.484,3.2,4,0.815,2.5,5,7.5,2.1,0.6,1.2,1.4,2.2,17.5
17,Jonathon Simmons,SG,6-6,195,"September 14, 1989",us,1,University of Houston,San Antonio,Spurs,Jonathon Simmons,27,72,4,17.3,2.2,5.1,0.427,0.4,1.2,0.307,1.8,3.9,0.465,0.464,1.3,1.7,0.764,0.3,1.8,2,1.5,0.6,0.3,0.9,1.9,6.1
16,Pau Gasol,C,7-0,250,"July 6, 1980",es,15,,San Antonio,Spurs,Pau Gasol,36,59,39,25.6,4.8,9.5,0.508,0.8,1.6,0.538,4,7.9,0.502,0.553,2,2.9,0.694,1.7,6,7.7,2.5,0.4,1.1,1.3,1.7,12.5
20,Manu Ginobili,SG,6-6,205,"July 28, 1977",ar,14,,San Antonio,Spurs,Manu Ginobili,39,65,0,18.9,2.5,6.5,0.39,1.3,3.4,0.384,1.2,3.1,0.397,0.489,1.3,1.6,0.8,0.4,1.9,2.3,2.7,1.2,0.2,1.3,1.8,7.7
3,Dewayne Dedmon,C,7-0,245,"August 12, 1989",us,3,University of Southern California,San Antonio,Spurs,Dewayne Dedmon,27,70,31,17.4,2.2,3.3,0.651,0,0,,2.2,3.3,0.651,0.651,0.9,1.2,0.729,1.6,4.8,6.4,0.6,0.5,0.8,0.8,2.4,5.2
5,Dejounte Murray,PG,6-5,170,"September 19, 1996",us,R,University of Washington,San Antonio,Spurs,Dejounte Murray,20,37,8,8.5,1.3,3.1,0.426,0.2,0.6,0.391,1.1,2.5,0.435,0.465,0.6,0.8,0.7,0.2,1,1.1,1.3,0.2,0.2,1,0.8,3.5
11,Bryn Forbes,SG,6-3,190,"July 23, 1993",us,R,Michigan State University,San Antonio,Spurs,Bryn Forbes,23,31,0,6.5,0.7,2,0.355,0.3,1,0.323,0.4,1,0.387,0.435,0.1,0.1,0.667,0.1,0.5,0.5,0.4,0,0,0.2,0.4,1.8
42,Davis Bertans,PF,6-10,210,"November 12, 1992",lv,R,,San Antonio,Spurs,Davis Bertans,24,62,5,11.6,1.4,3.2,0.44,0.9,2.3,0.4,0.5,0.9,0.545,0.585,0.4,0.5,0.818,0.3,1.2,1.5,0.7,0.3,0.4,0.5,1.1,4.2
10,David Lee,PF,6-9,245,"April 29, 1983",us,11,University of Florida,San Antonio,Spurs,David Lee,33,73,10,18.5,3.2,5.2,0.608,0,0,,3.2,5.2,0.608,0.608,1,1.4,0.709,1.8,3.8,5.6,1.5,0.4,0.5,1,1.6,7.4
30,Joel Anthony,C,6-9,245,"August 9, 1982",ca,9,"University of Nevada, Las Vegas",San Antonio,Spurs,Joel Anthony,34,17,0,5.3,0.5,0.8,0.571,0,0,,0.5,0.8,0.571,0.571,0.1,0.1,1,0.4,0.9,1.3,0.1,0.1,0.2,0.2,0.6,1.1
13,James Harden,PG,6-5,220,"August 26, 1989",us,7,Arizona State University,Houston,Rockets,James Harden,27,76,76,36.5,8.4,19,0.441,3.2,9.2,0.344,5.2,9.8,0.531,0.524,9.2,10.8,0.852,1.2,6.9,8.1,11.2,1.5,0.4,5.8,2.6,29.2
1,Trevor Ariza,SF,6-8,215,"June 30, 1985",us,12,"University of California, Los Angeles",Houston,Rockets,Trevor Ariza,31,76,76,34.6,4.1,9.9,0.414,2.4,6.9,0.35,1.7,2.9,0.563,0.537,1.2,1.6,0.742,0.7,5.1,5.7,2.1,1.9,0.3,0.9,1.6,11.8
15,Clint Capela,C,6-10,240,"May 18, 1994",ch,2,,Houston,Rockets,Clint Capela,22,62,56,23.8,5.4,8.6,0.63,0,0,,5.4,8.6,0.63,0.63,1.5,2.7,0.538,2.7,5.3,8.1,1,0.5,1.2,1.3,2.8,12.3
7,Sam Dekker,SF,6-9,230,"May 6, 1994",us,1,University of Wisconsin,Houston,Rockets,Sam Dekker,22,77,2,18.4,2.6,5.6,0.473,0.8,2.4,0.321,1.9,3.1,0.591,0.543,0.5,0.9,0.559,1.2,2.5,3.7,1,0.5,0.3,0.5,1.1,6.5
2,Patrick Beverley,SG,6-1,185,"July 12, 1988",us,4,University of Arkansas,Houston,Rockets,Patrick Beverley,28,63,63,30.7,3.4,8.2,0.418,1.7,4.4,0.385,1.7,3.8,0.455,0.52,1.1,1.3,0.827,1.4,4.3,5.7,4.2,1.5,0.4,1.5,3.3,9.6
12,Lou Williams,SG,6-1,175,"October 27, 1986",us,11,,Houston,Rockets,Lou Williams,30,19,0,25.4,4.7,11.6,0.407,1.9,5.6,0.349,2.8,6.1,0.461,0.491,3.9,4.7,0.843,0.6,2.2,2.7,2.5,0.7,0.4,1.6,1.2,15.4
5,Montrezl Harrell,PF,6-8,240,"January 26, 1994",us,1,University of Louisville,Houston,Rockets,Montrezl Harrell,23,55,14,18,3.9,5.9,0.65,0,0.1,0.167,3.8,5.8,0.659,0.652,1.3,2.1,0.626,1.4,2.3,3.6,1.1,0.4,0.7,0.7,2.1,9
3,Ryan Anderson,PF,6-10,240,"May 6, 1988",us,8,University of California,Houston,Rockets,Ryan Anderson,28,68,68,29.8,4.5,10.8,0.414,2.8,6.9,0.398,1.7,3.8,0.442,0.542,1.9,2.2,0.857,1.6,3.1,4.7,0.9,0.5,0.2,0.8,2,13.5
10,Eric Gordon,SG,6-4,215,"December 25, 1988",us,8,Indiana University,Houston,Rockets,Eric Gordon,28,71,14,31,5.6,13.5,0.412,3.3,8.8,0.378,2.3,4.8,0.473,0.534,1.9,2.3,0.835,0.4,2.2,2.6,2.6,0.7,0.5,1.7,2,16.4
42,Nene Hilario,C,6-11,250,"September 13, 1982",br,14,,Houston,Rockets,Nene Hilario,34,64,7,17.9,3.6,5.9,0.613,0,0.1,0.333,3.5,5.7,0.62,0.617,1.8,3,0.598,1.4,2.8,4.2,1,0.8,0.6,1.1,2.5,9
21,Chinanu Onuaku,C,6-10,245,"November 1, 1996",us,R,University of Louisville,Houston,Rockets,Chinanu Onuaku,20,2,0,5,1,1,1,0,0,,1,1,1,1,1,1,1,0.5,1,1.5,0.5,0.5,0,0,0.5,3
30,Kyle Wiltjer,PF,6-10,240,"October 20, 1992",us,R,Gonzaga University,Houston,Rockets,Kyle Wiltjer,24,13,0,3.3,0.3,1.1,0.286,0.3,1,0.308,0,0.1,0,0.429,0.1,0.2,0.5,0.3,0.5,0.8,0.2,0.2,0.1,0.4,0.3,1
8,Bobby Brown,PG,6-2,175,"September 24, 1984",us,2,"California State University, Fullerton",Houston,Rockets,Bobby Brown,32,22,0,3,0.5,1.6,0.333,0.3,0.9,0.35,0.2,0.7,0.313,0.431,0,0,,0,0.2,0.2,0.1,0,0,0.1,0.1,1.4
17,Isaiah Taylor,G,6-3,170,"July 11, 1994",us,R,University of Texas at Austin,Houston,Rockets,Isaiah Taylor,22,1,0,15,1,3,0.333,0,1,0,1,2,0.5,0.333,1,2,0.5,0,1,1,0,1,1,0,2,3
14,Troy Williams,F,6-7,218,"December 30, 1994",us,R,Indiana University,Houston,Rockets,Troy Williams,22,1,1,39,7,12,0.583,6,9,0.667,1,3,0.333,0.833,1,2,0.5,1,4,5,3,1,0,1,5,21
15,Vince Carter,SG,6-6,220,"January 26, 1977",us,18,University of North Carolina,Memphis,Grizzlies,Vince Carter,40,68,10,24.6,2.6,6.8,0.389,1.5,4,0.369,1.2,2.8,0.418,0.498,1.2,1.6,0.757,0.5,2.7,3.2,1.8,0.9,0.5,0.6,2.3,8
50,Zach Randolph,PF,6-9,260,"July 16, 1981",us,15,Michigan State University,Memphis,Grizzlies,Zach Randolph,35,69,5,24.5,5.9,13.1,0.453,0.3,1.3,0.225,5.7,11.8,0.477,0.464,1.9,2.6,0.735,2.6,5.6,8.2,1.7,0.5,0.1,1.3,1.9,14.1
33,Marc Gasol,C,7-1,255,"January 29, 1985",es,8,,Memphis,Grizzlies,Marc Gasol,32,69,69,34.6,7.3,15.9,0.46,1.4,3.7,0.381,5.9,12.3,0.483,0.504,3.8,4.6,0.83,0.8,5.4,6.2,4.6,0.9,1.3,2.2,2.3,19.9
9,Tony Allen,SG,6-4,213,"January 11, 1982",us,12,Oklahoma State University,Memphis,Grizzlies,Tony Allen,35,67,62,27.5,3.9,8.5,0.454,0.2,0.8,0.288,3.6,7.7,0.471,0.467,1.2,1.9,0.617,2.4,3.2,5.6,1.4,1.7,0.4,1.5,2.6,9.1
0,JaMychal Green,PF,6-9,227,"June 21, 1990",us,2,University of Alabama,Memphis,Grizzlies,JaMychal Green,26,72,70,27.7,3.3,6.6,0.501,0.7,1.9,0.378,2.6,4.7,0.55,0.555,1.8,2.3,0.81,2.3,5,7.2,1.1,0.6,0.5,1.2,3.3,9.2
1,Jarell Martin,PF,6-10,239,"May 24, 1994",us,1,Louisiana State University,Memphis,Grizzlies,Jarell Martin,22,40,3,13.5,1.4,3.6,0.378,0.2,0.6,0.36,1.1,3,0.381,0.409,1,1.2,0.792,0.9,2.9,3.9,0.2,0.4,0.2,0.7,2.3,3.9
34,Brandan Wright,PF,6-10,210,"October 5, 1987",us,8,University of North Carolina,Memphis,Grizzlies,Brandan Wright,29,23,5,15.8,3.3,5.2,0.625,0,0,0,3.3,5.2,0.63,0.625,0.9,1.3,0.645,1.1,1.7,2.8,0.4,0.4,0.6,0.4,1.5,7.4
25,Chandler Parsons,SF,6-10,230,"October 25, 1988",us,5,University of Florida,Memphis,Grizzlies,Chandler Parsons,28,34,34,19.9,2.2,6.5,0.338,0.7,2.7,0.269,1.5,3.8,0.388,0.394,1,1.3,0.814,0.2,2.3,2.5,1.6,0.6,0.1,0.7,1.5,6.2
5,Andrew Harrison,SG,6-6,213,"October 28, 1994",us,R,University of Kentucky,Memphis,Grizzlies,Andrew Harrison,22,68,17,20.3,1.6,5,0.324,0.6,2.2,0.286,1,2.8,0.354,0.386,2,2.7,0.764,0.3,1.5,1.8,2.7,0.8,0.3,1.2,2.7,5.9
11,Mike Conley,PG,6-1,175,"October 11, 1987",us,9,Ohio State University,Memphis,Grizzlies,Mike Conley,29,65,64,33.6,6.7,14.8,0.453,2.4,6.1,0.401,4.2,8.6,0.489,0.535,4.7,5.5,0.86,0.5,3.1,3.6,6.4,1.3,0.3,2.2,1.8,20.5
30,Troy Daniels,SG,6-4,205,"July 15, 1991",us,3,Virginia Commonwealth University,Memphis,Grizzlies,Troy Daniels,25,62,3,17.6,2.8,7.5,0.376,2.1,5.4,0.389,0.7,2,0.341,0.517,0.7,0.9,0.811,0.3,1.1,1.4,0.7,0.3,0,0.6,1.3,8.4
8,James Ennis,SF,6-7,210,"July 1, 1990",us,2,"California State University, Long Beach",Memphis,Grizzlies,James Ennis,26,61,27,23.7,2.3,5.1,0.457,0.8,2.2,0.376,1.5,3,0.517,0.537,1.4,1.8,0.778,1.1,3,4,1,0.7,0.3,0.9,2.6,6.9
4,Wade Baldwin,PG,6-4,202,"March 29, 1996",us,R,Vanderbilt University,Memphis,Grizzlies,Wade Baldwin,20,28,1,12.2,1,3.1,0.318,0.1,0.7,0.105,0.9,2.5,0.377,0.33,1,1.1,0.844,0.3,1,1.2,2,0.5,0.3,1.2,1.2,3
23,Deyonta Davis,C,6-11,237,"December 2, 1996",us,R,Michigan State University,Memphis,Grizzlies,Deyonta Davis,20,33,0,6.4,0.7,1.3,0.535,0,0,,0.7,1.3,0.535,0.535,0.3,0.5,0.556,0.5,1.2,1.7,0.1,0,0.5,0.2,1.1,1.7
7,Wayne Selden,SG,6-5,230,"September 30, 1994",us,R,University of Kansas,Memphis,Grizzlies,Wayne Selden,22,6,2,8.7,0.7,2.2,0.308,0,1.3,0,0.7,0.8,0.8,0.308,0.5,0.7,0.75,0,0.7,0.7,0.5,0.3,0,0.5,0.8,1.8
20,Quincy Pondexter,G-F,6-7,220,"March 10, 1988",us,5,University of Washington,New Orleans,Pelicans,#N/A,#N/A,#N/A,#N/A,#N/A,#N/A,#N/A,#N/A,#N/A,#N/A,#N/A,#N/A,#N/A,#N/A,#N/A,#N/A,#N/A,#N/A,#N/A,#N/A,#N/A,#N/A,#N/A,#N/A,#N/A,#N/A,#N/A
23,Anthony Davis,C,6-10,253,"March 11, 1993",us,4,University of Kentucky,New Orleans,Pelicans,Anthony Davis,23,73,73,36.2,10.2,20.1,0.505,0.5,1.7,0.302,9.6,18.4,0.524,0.518,7,8.8,0.803,2.3,9.7,12,2.2,1.3,2.2,2.5,2.2,27.8
11,Jrue Holiday,PG,6-4,205,"June 12, 1990",us,7,"University of California, Los Angeles",New Orleans,Pelicans,Jrue Holiday,26,62,56,33,6.1,13.5,0.454,1.6,4.2,0.37,4.6,9.3,0.492,0.512,1.8,2.6,0.698,0.7,3.2,3.9,7.2,1.6,0.7,2.9,2.1,15.6
0,DeMarcus Cousins,C,6-11,270,"August 13, 1990",us,6,University of Kentucky,New Orleans,Pelicans,DeMarcus Cousins,26,16,16,33.6,8.3,18.2,0.454,2.1,5.4,0.379,6.2,12.8,0.485,0.51,5.4,7.1,0.77,2.1,10.4,12.4,3.6,1.5,1.3,3.8,4.3,24
42,Alexis Ajinca,C,7-2,248,"May 6, 1988",fr,6,,New Orleans,Pelicans,Alexis Ajinca,28,34,12,14,1.9,3.9,0.481,0,0.1,0,1.9,3.8,0.492,0.481,0.6,0.9,0.71,1.1,3.1,4.3,0.3,0.5,0.6,0.8,1.8,4.4
3,Omer Asik,C,7-0,255,"July 4, 1986",tr,6,,New Orleans,Pelicans,Omer Asik,30,31,19,15.5,1,2.1,0.477,0,0,,1,2.1,0.477,0.477,0.7,1.3,0.59,1.5,3.7,5.3,0.5,0.2,0.3,0.5,1.6,2.7
33,Dante Cunningham,SF,6-8,230,"April 22, 1987",us,7,Villanova University,New Orleans,Pelicans,Dante Cunningham,29,61,31,25.3,2.6,5.5,0.473,1.1,2.8,0.388,1.5,2.8,0.56,0.571,0.3,0.4,0.593,0.9,3.4,4.2,0.6,0.6,0.4,0.4,1.6,6.6
55,E'Twaun Moore,SG,6-4,191,"February 28, 1989",us,5,Purdue University,New Orleans,Pelicans,E'Twaun Moore,27,70,21,25.1,3.9,8.6,0.453,1.1,2.9,0.368,2.8,5.7,0.496,0.515,0.8,1,0.789,0.5,1.6,2.1,2.3,0.7,0.4,0.9,1.8,9.6
2,Tim Frazier,PG,6-1,170,"November 1, 1990",us,2,Pennsylvania State University,New Orleans,Pelicans,Tim Frazier,26,61,31,23.6,2.6,6.3,0.413,0.6,2,0.308,2,4.3,0.46,0.461,1.5,1.9,0.774,0.5,2.2,2.7,5.1,0.9,0.1,1.6,2,7.2
13,Cheick Diallo,PF,6-9,220,"September 13, 1996",ml,R,University of Kansas,New Orleans,Pelicans,Cheick Diallo,20,13,0,8,1.4,3.5,0.4,0,0,,1.4,3.5,0.4,0.4,0.5,0.8,0.7,1,1.6,2.6,0.2,0.2,0.2,0.2,0.7,3.3
44,Solomon Hill,SF,6-7,225,"March 18, 1991",us,3,University of Arizona,New Orleans,Pelicans,Solomon Hill,25,75,66,29.4,2.3,5.8,0.388,1.2,3.3,0.348,1.1,2.5,0.441,0.487,1.3,1.6,0.812,0.6,3.2,3.8,1.8,0.9,0.4,1,2.3,6.9
12,Donatas Motiejunas,PF,7-0,222,"September 20, 1990",lt,4,,New Orleans,Pelicans,Donatas Motiejunas,26,30,0,13.4,1.6,3.6,0.44,0.3,1.3,0.263,1.3,2.4,0.535,0.486,0.6,1.3,0.462,0.8,2.3,3.1,0.9,0.4,0.3,1,1.7,4.1
22,Quinn Cook,PG,6-2,184,"March 23, 1993",us,R,Duke University,New Orleans,Pelicans,Quinn Cook,23,5,0,2.6,0.6,1,0.6,0.4,0.8,0.5,0.2,0.2,1,0.8,0,0,,0,0.2,0.2,0.4,0.2,0,0,0.4,1.6
4,Jordan Crawford,SG,6-4,195,"October 23, 1988",us,4,Xavier University,New Orleans,Pelicans,Jordan Crawford,28,14,0,23,5.1,10.9,0.474,2.3,5.4,0.427,2.9,5.5,0.519,0.579,1.1,1.4,0.789,0.3,1.7,2,2.9,0.4,0.1,1.1,1.9,13.6
3,Nerlens Noel,C,6-11,228,"April 10, 1994",us,2,University of Kentucky,Dallas,Mavericks,Nerlens Noel,22,29,7,19.4,3.7,6,0.611,0,0,0,3.7,6,0.615,0.611,1.5,2.2,0.683,1.6,3.4,5,1,1.5,0.9,1,2.4,8.9
34,Devin Harris,PG,6-3,192,"February 27, 1983",us,12,University of Wisconsin,Dallas,Mavericks,Devin Harris,33,59,0,16.9,2,5.1,0.39,0.8,2.6,0.331,1.1,2.5,0.45,0.473,1.7,2,0.831,0.2,1.8,2,2,0.7,0.1,0.9,1.6,6.5
23,Wesley Matthews,SG,6-5,220,"October 14, 1986",us,7,Marquette University,Dallas,Mavericks,Wesley Matthews,30,70,70,34.6,4.6,11.8,0.392,2.4,6.7,0.364,2.2,5.1,0.43,0.496,2.1,2.6,0.816,0.2,3.3,3.6,2.8,1.1,0.2,1.4,2.2,13.7
5,J.J. Barea,PG,6-0,185,"June 26, 1984",pr,10,Northeastern University,Dallas,Mavericks,J.J. Barea,32,31,5,22.5,4.1,9.8,0.414,1.4,4.1,0.349,2.6,5.7,0.461,0.487,1.3,1.5,0.854,0.3,2,2.3,5.5,0.4,0,1.7,0.8,10.9
50,Salah Mejri,C,7-1,245,"June 15, 1986",tn,1,,Dallas,Mavericks,Salah Mejri,30,68,11,12.5,1.1,1.8,0.639,0,0,0,1.1,1.7,0.65,0.639,0.5,0.8,0.604,1.3,3,4.3,0.2,0.4,0.9,0.6,2.1,2.7
40,Harrison Barnes,PF,6-8,210,"May 30, 1992",us,4,University of North Carolina,Dallas,Mavericks,Harrison Barnes,24,76,76,35.8,7.7,16.5,0.468,1,2.8,0.35,6.7,13.6,0.493,0.498,3.1,3.6,0.862,1.2,3.9,5.1,1.5,0.9,0.2,1.3,1.6,19.5
7,Dwight Powell,C,6-11,240,"July 20, 1991",ca,2,Stanford University,Dallas,Mavericks,Dwight Powell,25,71,1,16.7,2.4,4.5,0.531,0.1,0.5,0.229,2.3,4,0.568,0.543,1.4,1.8,0.77,1.3,2.7,4,0.6,0.8,0.5,0.4,1.7,6.3
20,A.J. Hammons,C,7-0,260,"August 27, 1992",us,R,Purdue University,Dallas,Mavericks,A.J. Hammons,24,17,0,4.5,0.5,1.3,0.409,0.2,0.4,0.667,0.3,0.9,0.313,0.5,0.1,0.6,0.2,0.3,0.9,1.2,0.1,0,0.4,0.2,0.6,1.4
10,Dorian Finney-Smith,PF,6-8,220,"May 4, 1993",us,R,University of Florida,Dallas,Mavericks,Dorian Finney-Smith,23,75,32,19.7,1.5,3.8,0.387,0.7,2.3,0.31,0.8,1.5,0.5,0.479,0.6,0.8,0.746,0.6,2,2.6,0.8,0.6,0.3,0.5,1.5,4.3
9,Nicolas Brussino,SF,6-7,195,"March 2, 1993",ar,R,,Dallas,Mavericks,Nicolas Brussino,23,48,0,7.5,0.7,1.9,0.36,0.4,1.2,0.288,0.3,0.6,0.5,0.455,0.2,0.3,0.75,0.4,1,1.4,0.6,0.3,0.1,0.3,0.7,1.9
41,Dirk Nowitzki,PF,7-0,245,"June 19, 1978",de,18,,Dallas,Mavericks,Dirk Nowitzki,38,50,50,26.7,5.5,12.6,0.437,1.5,4,0.384,4,8.6,0.462,0.498,1.9,2.2,0.87,0.4,6.3,6.7,1.5,0.6,0.6,0.9,2.1,14.4
30,Seth Curry,PG,6-2,185,"August 23, 1990",us,3,Duke University,Dallas,Mavericks,Seth Curry,26,70,42,29,4.8,10,0.481,2,4.6,0.425,2.9,5.4,0.528,0.578,1.2,1.4,0.85,0.4,2.2,2.5,2.7,1.1,0.1,1.3,1.8,12.8
11,Yogi Ferrell,PG,6-0,180,"May 9, 1993",us,R,Indiana University,Dallas,Mavericks,Yogi Ferrell,23,10,0,15.1,1.8,4.9,0.367,0.8,2.7,0.296,1,2.2,0.455,0.449,1,1.6,0.625,0.4,0.8,1.2,1.7,0.2,0.2,1.4,1.1,5.4
19,Jarrod Uthoff,PF,6-9,221,"May 19, 1993",us,R,University of Iowa,Dallas,Mavericks,Jarrod Uthoff,23,3,0,2.3,0.3,1.3,0.25,0,0,,0.3,1.3,0.25,0.25,0,0,,0.7,0.3,1,0.3,0,0.3,0,0.7,0.7
30,Stephen Curry,PG,6-3,190,"March 14, 1988",us,7,Davidson College,Golden State,Warriors,Stephen Curry,28,75,75,33.5,8.5,18.2,0.467,4,10,0.404,4.5,8.3,0.542,0.577,4.2,4.6,0.912,0.8,3.7,4.5,6.5,1.8,0.2,3,2.4,25.2
11,Klay Thompson,SG,6-7,215,"February 8, 1990",us,5,Washington State University,Golden State,Warriors,Klay Thompson,26,74,74,34.1,8.3,17.6,0.471,3.4,8.2,0.418,4.8,9.4,0.517,0.569,2.2,2.6,0.851,0.6,3,3.7,2,0.8,0.5,1.7,1.8,22.3
9,Andre Iguodala,SF,6-6,215,"January 28, 1984",us,12,University of Arizona,Golden State,Warriors,Andre Iguodala,33,73,0,26.4,2.8,5.4,0.52,0.8,2.3,0.363,2,3.1,0.64,0.598,1,1.3,0.714,0.7,3.3,4,3.5,1,0.5,0.8,1.3,7.5
34,Shaun Livingston,PG,6-7,192,"September 11, 1985",us,11,,Golden State,Warriors,Shaun Livingston,31,71,2,17.5,2.3,4.2,0.549,0,0,0,2.3,4.1,0.553,0.549,0.5,0.8,0.679,0.4,1.6,2,1.7,0.5,0.3,0.8,1.6,5.1
5,Kevon Looney,C,6-9,220,"February 6, 1996",us,1,"University of California, Los Angeles",Golden State,Warriors,Kevon Looney,20,52,4,8.5,1.1,2,0.524,0,0.2,0.222,1,1.8,0.552,0.533,0.4,0.7,0.618,0.8,1.5,2.3,0.6,0.3,0.3,0.3,1.2,2.6
23,Draymond Green,PF,6-7,230,"March 4, 1990",us,4,Michigan State University,Golden State,Warriors,Draymond Green,26,73,73,32.8,3.6,8.6,0.418,1.1,3.4,0.307,2.6,5.2,0.492,0.479,2,2.9,0.703,1.3,6.7,8.1,7.2,2.1,1.4,2.5,2.9,10.3
35,Kevin Durant,SF,6-9,240,"September 29, 1988",us,9,University of Texas at Austin,Golden State,Warriors,Kevin Durant,28,59,59,33.6,8.9,16.7,0.537,1.9,5,0.378,7.1,11.6,0.606,0.594,5.5,6.3,0.876,0.6,7.6,8.2,4.8,1.1,1.6,2.3,1.9,25.3
3,David West,PF,6-9,250,"August 29, 1980",us,13,Xavier University,Golden State,Warriors,David West,36,63,0,12.3,2,3.6,0.539,0,0.1,0.375,1.9,3.5,0.545,0.546,0.6,0.8,0.755,0.6,2.3,3,2.2,0.6,0.7,1.1,1.5,4.6
0,Patrick McCaw,SG,6-7,185,"October 25, 1995",us,R,"University of Nevada, Las Vegas",Golden State,Warriors,Patrick McCaw,21,66,18,14.6,1.4,3.2,0.43,0.6,1.7,0.345,0.8,1.6,0.519,0.519,0.4,0.5,0.758,0.3,1.1,1.4,1.1,0.4,0.2,0.5,0.8,3.7
27,Zaza Pachulia,C,6-11,270,"February 10, 1984",ge,13,,Golden State,Warriors,Zaza Pachulia,32,65,65,18,2.4,4.4,0.531,0,0,0,2.4,4.4,0.533,0.531,1.4,1.9,0.77,2,3.8,5.8,1.9,0.9,0.5,1.2,2.4,6.2
15,Damian Jones,C,7-0,245,"June 30, 1995",us,R,Vanderbilt University,Golden State,Warriors,Damian Jones,21,9,0,7.3,0.7,1.4,0.462,0,0,,0.7,1.4,0.462,0.462,0.3,0.9,0.375,1,0.8,1.8,0,0.1,0.2,0.6,1.3,1.7
20,James Michael McAdoo,PF,6-9,230,"January 4, 1993",us,2,University of North Carolina,Golden State,Warriors,James Michael McAdoo,24,47,0,8.3,1.1,2,0.568,0,0.1,0,1.1,2,0.587,0.568,0.4,0.8,0.472,0.6,1,1.6,0.3,0.3,0.6,0.4,0.9,2.7
21,Ian Clark,SG,6-3,175,"March 7, 1991",us,3,Belmont University,Golden State,Warriors,Ian Clark,25,72,0,14.3,2.7,5.4,0.5,0.8,2.1,0.399,1.9,3.4,0.561,0.575,0.6,0.8,0.745,0.3,1.2,1.5,1.1,0.5,0.1,0.7,1,6.8
1,JaVale McGee,C,7-0,270,"January 19, 1988",us,8,"University of Nevada, Reno",Golden State,Warriors,JaVale McGee,29,72,10,9.3,2.6,4,0.636,0,0.1,0,2.6,4,0.645,0.636,0.7,1.4,0.505,1.3,1.8,3.1,0.2,0.2,0.8,0.5,1.4,5.8
22,Matt Barnes,SF,6-7,226,"March 9, 1980",us,13,"University of California, Los Angeles",Golden State,Warriors,Matt Barnes,36,17,4,20.5,1.7,4.4,0.392,0.8,2.6,0.318,0.9,1.8,0.5,0.486,1.1,1.2,0.905,0.8,3.5,4.3,2.2,0.5,0.5,1.4,2.5,5.4
32,Blake Griffin,PF,6-10,251,"March 16, 1989",us,6,University of Oklahoma,Los Angeles,Clippers,Blake Griffin,27,57,57,34.1,7.9,16,0.492,0.6,1.8,0.353,7.2,14.2,0.509,0.512,5.2,7,0.751,1.9,6.3,8.2,5,1,0.4,2.4,2.6,21.6
4,J.J. Redick,SG,6-4,190,"June 24, 1984",us,10,Duke University,Los Angeles,Clippers,J.J. Redick,32,74,74,28.1,5.1,11.4,0.446,2.6,6,0.428,2.5,5.4,0.466,0.558,2.3,2.6,0.885,0.1,2,2.2,1.4,0.7,0.1,1.3,1.7,15
3,Chris Paul,PG,6-0,175,"May 6, 1985",us,11,Wake Forest University,Los Angeles,Clippers,Chris Paul,31,57,57,31.5,6.1,12.8,0.473,2,5,0.402,4.1,7.8,0.519,0.552,3.9,4.4,0.887,0.7,4.3,5,9.2,1.9,0.1,2.4,2.4,18
34,Paul Pierce,SF,6-7,235,"October 13, 1977",us,18,University of Kansas,Los Angeles,Clippers,Paul Pierce,39,22,7,11.9,1.1,2.8,0.387,0.6,1.7,0.351,0.5,1.1,0.44,0.492,0.5,0.5,0.833,0,2,2.1,0.4,0.2,0.2,0.7,1.7,3.2
6,DeAndre Jordan,C,6-11,265,"July 21, 1988",us,8,Texas A&M University,Los Angeles,Clippers,DeAndre Jordan,28,77,77,31.7,5,7.1,0.711,0,0,0,5,7,0.713,0.711,2.6,5.2,0.489,3.6,10,13.6,1.2,0.6,1.7,1.5,2.6,12.6
25,Austin Rivers,SG,6-4,200,"August 1, 1992",us,4,Duke University,Los Angeles,Clippers,Austin Rivers,24,74,29,27.8,4.4,9.9,0.442,1.5,4,0.371,2.9,5.8,0.491,0.518,1.8,2.6,0.691,0.3,1.9,2.2,2.8,0.7,0.1,1.6,2.5,12
33,Wesley Johnson,SF,6-7,215,"July 11, 1987",us,6,Syracuse University,Los Angeles,Clippers,Wesley Johnson,29,65,3,11.9,1.1,3,0.37,0.4,1.7,0.259,0.6,1.2,0.525,0.445,0.2,0.3,0.647,0.4,2.3,2.7,0.3,0.4,0.4,0.3,1.3,2.8
12,Luc Mbah a Moute,PF,6-8,230,"September 9, 1986",cm,8,"University of California, Los Angeles",Los Angeles,Clippers,Luc Mbah a Moute,30,76,72,21.8,2.3,4.6,0.5,0.5,1.3,0.396,1.8,3.2,0.543,0.558,0.7,1,0.705,0.6,1.6,2.2,0.4,1,0.4,0.6,1.6,5.8
11,Jamal Crawford,SG,6-5,200,"March 20, 1980",us,16,University of Michigan,Los Angeles,Clippers,Jamal Crawford,36,78,1,26.4,4.4,10.7,0.411,1.4,4,0.359,3,6.8,0.442,0.478,2.1,2.5,0.855,0.2,1.4,1.6,2.6,0.7,0.2,1.7,1.4,12.4
5,Marreese Speights,C,6-10,255,"August 4, 1987",us,8,University of Florida,Los Angeles,Clippers,Marreese Speights,29,78,2,15.7,3,6.7,0.451,1.3,3.3,0.379,1.7,3.3,0.523,0.546,1.5,1.8,0.876,1.1,3.4,4.5,0.8,0.3,0.5,0.8,2.8,8.8
10,Brice Johnson,PF,6-10,230,"June 27, 1994",us,R,University of North Carolina,Los Angeles,Clippers,Brice Johnson,22,2,0,3.5,0.5,2,0.25,0,0,,0.5,2,0.25,0.25,0,0,,0.5,1,1.5,0.5,0.5,0.5,0.5,0,1
0,Diamond Stone,C,6-11,255,"February 10, 1997",us,R,University of Maryland,Los Angeles,Clippers,Diamond Stone,19,7,0,3.4,0.4,1.9,0.231,0,0,,0.4,1.9,0.231,0.231,0.6,0.6,1,0.1,0.7,0.9,0,0,0.1,0.3,0.7,1.4
2,Raymond Felton,PG,6-1,205,"June 26, 1984",us,11,University of North Carolina,Los Angeles,Clippers,Raymond Felton,32,76,11,21.4,2.8,6.5,0.427,0.6,1.8,0.329,2.2,4.7,0.466,0.474,0.7,0.8,0.781,0.4,2.3,2.8,2.4,0.8,0.3,1.1,1.6,6.8
30,Brandon Bass,PF,6-8,250,"April 30, 1985",us,11,Louisiana State University,Los Angeles,Clippers,Brandon Bass,31,49,0,11.2,2.1,3.6,0.573,0,0.1,0.333,2.1,3.6,0.577,0.576,1.4,1.6,0.872,0.8,1.7,2.5,0.4,0.3,0.2,0.6,0.9,5.6
9,Alan Anderson,SF,6-6,220,"October 16, 1982",us,7,Michigan State University,Los Angeles,Clippers,Alan Anderson,34,29,0,10.5,1,2.7,0.367,0.4,1.5,0.302,0.6,1.2,0.444,0.449,0.4,0.6,0.75,0.1,0.7,0.8,0.4,0.1,0,0.2,1.2,2.9
23,Ben McLemore,SG,6-5,195,"February 11, 1993",us,3,University of Kansas,Sacramento,Kings,Ben McLemore,23,56,26,18.6,2.8,6.5,0.422,1,2.7,0.362,1.8,3.9,0.463,0.496,1,1.3,0.767,0.3,1.5,1.9,0.8,0.4,0.1,1,1.7,7.5
8,Rudy Gay,SF,6-8,230,"August 17, 1986",us,10,University of Connecticut,Sacramento,Kings,Rudy Gay,30,30,30,33.8,6.7,14.7,0.455,1.4,3.8,0.372,5.3,11,0.483,0.502,3.9,4.6,0.855,1.2,5.2,6.3,2.7,1.5,0.9,2.5,2.6,18.7
32,Tyreke Evans,SG,6-6,220,"September 19, 1989",us,7,University of Memphis,Sacramento,Kings,Tyreke Evans,27,26,0,18.2,3.5,8.7,0.401,0.8,2.7,0.3,2.7,6,0.446,0.447,1.7,2.2,0.776,0.2,3.1,3.3,3.5,0.9,0.2,1.5,1.6,9.5
7,Darren Collison,PG,6-0,175,"August 23, 1987",us,7,"University of California, Los Angeles",Sacramento,Kings,Darren Collison,29,67,63,30.4,5,10.5,0.475,1.1,2.6,0.419,3.9,8,0.493,0.525,2.1,2.5,0.856,0.3,1.9,2.2,4.5,1,0.1,1.6,1.8,13.2
0,Willie Cauley-Stein,C,7-0,240,"August 18, 1993",us,1,University of Kentucky,Sacramento,Kings,Willie Cauley-Stein,23,70,16,18.3,3.2,5.9,0.534,0,0,0,3.2,5.9,0.536,0.534,1.3,2,0.664,1,3.1,4.1,1,0.7,0.6,0.9,2,7.7
41,Kosta Koufos,C,7-0,265,"February 24, 1989",us,8,Ohio State University,Sacramento,Kings,Kosta Koufos,27,71,62,20,3,5.5,0.551,0,0,0,3,5.5,0.552,0.551,0.5,0.9,0.613,1.7,4,5.7,0.7,0.5,0.7,0.9,2.4,6.6
40,Arron Afflalo,SG,6-5,210,"October 15, 1985",us,9,"University of California, Los Angeles",Sacramento,Kings,Arron Afflalo,31,59,43,25.9,3,6.9,0.432,1.1,2.5,0.413,1.9,4.4,0.444,0.509,1.4,1.5,0.89,0.2,1.9,2.1,1.2,0.4,0.1,0.7,1.7,8.4
17,Garrett Temple,SG,6-6,195,"May 8, 1986",us,6,Louisiana State University,Sacramento,Kings,Garrett Temple,30,62,19,26.5,2.8,6.6,0.425,1.2,3.3,0.372,1.5,3.2,0.48,0.52,0.9,1.2,0.781,0.5,2.2,2.7,2.5,1.2,0.4,1.2,2.2,7.7
43,Anthony Tolliver,PF,6-8,240,"June 1, 1985",us,8,Creighton University,Sacramento,Kings,Anthony Tolliver,31,62,9,22.8,2.4,5.5,0.445,1.4,3.5,0.4,1,1.9,0.529,0.575,0.8,1.1,0.739,0.8,2.9,3.7,1.1,0.5,0.3,0.9,1.7,7.1
13,Georgios Papagiannis,C,7-1,240,"July 3, 1997",gr,R,,Sacramento,Kings,Georgios Papagiannis,19,17,0,13.8,2,3.9,0.515,0,0.1,0,2,3.8,0.523,0.515,0.5,0.5,1,0.9,2.6,3.6,0.5,0.1,0.9,0.6,1.8,4.5
5,Malachi Richardson,SG,6-6,205,"January 5, 1996",us,R,Syracuse University,Sacramento,Kings,Malachi Richardson,21,22,0,9,1.3,3.1,0.412,0.4,1.3,0.286,0.9,1.8,0.5,0.471,0.7,0.9,0.789,0.1,0.9,1,0.5,0.2,0,0.4,1,3.6
3,Skal Labissiere,PF,6-11,225,"March 18, 1996",ht,R,University of Kentucky,Sacramento,Kings,Skal Labissiere,20,28,7,16.3,3.2,6.1,0.526,0,0.2,0.2,3.2,5.9,0.536,0.529,1.2,1.9,0.654,1.5,3.3,4.9,0.7,0.4,0.4,1.2,1.8,7.7
9,Langston Galloway,PG,6-2,200,"December 9, 1991",us,2,Saint Joseph's University,Sacramento,Kings,Langston Galloway,25,55,0,20.4,3,8,0.374,1.8,4.9,0.377,1.2,3.1,0.37,0.489,0.7,0.9,0.769,0.4,1.8,2.2,1.2,0.7,0.1,0.5,1.4,8.6
24,Buddy Hield,SG,6-4,214,"December 17, 1993",bs,R,University of Oklahoma,Sacramento,Kings,Buddy Hield,23,57,37,20.4,3.2,8.3,0.392,1.6,4.2,0.369,1.7,4.1,0.416,0.486,0.5,0.6,0.879,0.3,2.6,2.9,1.4,0.3,0.1,0.8,1.4,8.6
10,Ty Lawson,PG,5-11,195,"November 3, 1987",us,7,University of North Carolina,Sacramento,Kings,Ty Lawson,29,67,22,25,3.3,7.5,0.448,0.5,1.7,0.284,2.9,5.7,0.497,0.481,2.4,3,0.786,0.6,1.9,2.5,4.7,1.1,0.1,1.9,1.7,9.5
0,Nick Young,SG,6-7,210,"June 1, 1985",us,9,University of Southern California,Los Angeles,Lakers,Nick Young,31,60,60,25.9,4.5,10.6,0.43,2.8,7,0.404,1.7,3.5,0.481,0.564,1.3,1.5,0.856,0.4,1.9,2.3,1,0.6,0.2,0.6,2.3,13.2
11,Tyler Ennis,PG,6-3,194,"August 24, 1994",ca,2,Syracuse University,Los Angeles,Lakers,Tyler Ennis,22,31,0,6.3,0.8,2.1,0.391,0.2,0.5,0.375,0.6,1.5,0.396,0.438,0.1,0.1,0.667,0.1,0.5,0.6,1.1,0.2,0,0.8,0.9,1.9
30,Julius Randle,PF,6-9,250,"November 29, 1994",us,2,University of Kentucky,Los Angeles,Lakers,Julius Randle,22,69,68,29,5,10.5,0.481,0.2,0.8,0.293,4.8,9.7,0.497,0.492,2.7,3.8,0.721,2,6.7,8.7,3.7,0.7,0.5,2.4,3.4,13.1
1,D'Angelo Russell,PG,6-5,195,"February 23, 1996",us,1,Ohio State University,Los Angeles,Lakers,D'Angelo Russell,20,61,58,28.6,5.6,13.7,0.407,2.1,6.1,0.353,3.4,7.6,0.451,0.486,2.3,3,0.776,0.5,3,3.5,4.8,1.4,0.3,2.7,2.1,15.7
7,Larry Nance Jr.,PF,6-9,230,"January 1, 1993",us,1,University of Wyoming,Los Angeles,Lakers,Larry Nance Jr.,24,58,2,22.4,2.9,5.5,0.528,0.1,0.5,0.25,2.8,5,0.555,0.539,0.9,1.2,0.722,1.8,3.7,5.5,1.4,1.3,0.6,0.9,2.4,6.8
3,Corey Brewer,SF,6-9,186,"March 5, 1986",us,9,University of Florida,Los Angeles,Lakers,Corey Brewer,30,58,8,15.9,1.6,3.9,0.414,0.4,1.6,0.234,1.2,2.3,0.541,0.463,0.6,0.8,0.727,0.4,1.6,2,1.1,0.6,0.2,0.6,1.8,4.2
9,Luol Deng,SF,6-9,220,"April 16, 1985",ss,12,Duke University,Los Angeles,Lakers,Luol Deng,31,56,49,26.5,2.9,7.6,0.386,0.9,2.9,0.311,2,4.7,0.433,0.446,0.8,1.1,0.73,1.1,4.1,5.3,1.3,0.9,0.4,0.8,1.1,7.6
20,Timofey Mozgov,C,7-1,275,"July 16, 1986",ru,6,,Los Angeles,Lakers,Timofey Mozgov,30,54,52,20.4,3.1,6.1,0.515,0,0,0,3.1,6.1,0.517,0.515,1.2,1.4,0.808,1.9,3,4.9,0.8,0.3,0.6,1.3,2.5,7.4
40,Ivica Zubac,C,7-1,265,"March 18, 1997",ba,R,,Los Angeles,Lakers,Ivica Zubac,19,38,11,16,3.3,6.3,0.529,0,0.1,0,3.3,6.2,0.536,0.529,0.8,1.3,0.653,1.1,3.1,4.2,0.8,0.4,0.9,0.8,1.7,7.5
6,Jordan Clarkson,SG,6-5,194,"June 7, 1992",us,2,University of Missouri,Los Angeles,Lakers,Jordan Clarkson,24,77,14,29.2,5.8,13,0.443,1.4,4.3,0.33,4.4,8.8,0.499,0.498,1.7,2.1,0.805,0.6,2.3,2.9,2.6,1.1,0.1,2,1.9,14.6
28,Tarik Black,C,6-9,250,"November 22, 1991",us,2,University of Kansas,Los Angeles,Lakers,Tarik Black,25,62,16,16,2.2,4.3,0.513,0,0,0.5,2.2,4.3,0.513,0.515,1.2,1.7,0.738,2.2,2.9,5.1,0.6,0.4,0.6,0.9,2.6,5.7
14,Brandon Ingram,SF,6-9,190,"September 2, 1997",us,R,Duke University,Los Angeles,Lakers,Brandon Ingram,19,74,35,29.1,3.4,8.5,0.404,0.7,2.5,0.297,2.7,6,0.448,0.447,1.6,2.7,0.619,0.7,3.4,4.1,2,0.6,0.4,1.4,2,9.2
15,Thomas Robinson,PF,6-10,237,"March 17, 1991",us,4,University of Kansas,Los Angeles,Lakers,Thomas Robinson,25,43,1,11.1,2.1,3.9,0.536,0,0,0,2.1,3.8,0.539,0.536,0.6,1.3,0.473,1.8,2.7,4.5,0.7,0.6,0.2,0.8,1.5,4.7
37,Metta World Peace,SF,6-6,260,"November 13, 1979",us,16,St. John's University,Los Angeles,Lakers,Metta World Peace,37,20,1,4.4,0.3,1.5,0.207,0.1,0.9,0.118,0.2,0.6,0.333,0.241,0.4,0.6,0.583,0.2,0.4,0.6,0.4,0.2,0.1,0.2,0.7,1.1
10,David Nwaba,SG,6-4,209,"January 14, 1993",us,R,"California Polytechnic State University, San Luis Obispo",Los Angeles,Lakers,David Nwaba,24,17,2,18.5,2,3.5,0.567,0.1,0.3,0.2,1.9,3.2,0.6,0.575,1.3,1.9,0.667,0.8,2.2,3.1,0.5,0.6,0.4,0.4,1.8,5.4
2,Eric Bledsoe,PG,6-1,190,"December 9, 1989",us,6,University of Kentucky,Phoenix,Suns,Eric Bledsoe,27,66,66,33,6.8,15.7,0.434,1.6,4.7,0.335,5.2,11,0.477,0.485,5.9,6.9,0.847,0.8,4.1,4.8,6.3,1.4,0.5,3.4,2.5,21.1
21,Alex Len,C,7-1,260,"June 16, 1993",ua,3,University of Maryland,Phoenix,Suns,Alex Len,23,73,30,20.3,3,5.9,0.5,0,0.2,0.25,2.9,5.8,0.507,0.503,1.9,2.7,0.719,2,4.6,6.6,0.6,0.5,1.3,1.3,3.1,7.9
12,T.J. Warren,SF,6-8,230,"September 5, 1993",us,2,North Carolina State University,Phoenix,Suns,T.J. Warren,23,62,55,31,6,12.3,0.491,0.4,1.5,0.245,5.7,10.8,0.525,0.506,1.8,2.4,0.767,1.9,3.1,5,1.1,1.1,0.6,0.9,2.7,14.3
1,Devin Booker,SG,6-6,206,"October 30, 1996",us,1,University of Kentucky,Phoenix,Suns,Devin Booker,20,75,75,35,7.7,18.2,0.424,1.9,5.1,0.361,5.9,13,0.449,0.475,4.7,5.6,0.836,0.6,2.6,3.2,3.4,0.9,0.3,3.1,3.1,22
4,Tyson Chandler,C,7-1,240,"October 2, 1982",us,15,,Phoenix,Suns,Tyson Chandler,34,47,46,27.6,3.3,4.9,0.671,0,0,,3.3,4.9,0.671,0.671,1.9,2.6,0.734,3.3,8.2,11.5,0.6,0.7,0.5,1.4,2.7,8.4
11,Brandon Knight,SG,6-3,189,"December 2, 1991",us,5,University of Kentucky,Phoenix,Suns,Brandon Knight,25,54,5,21.1,3.9,9.7,0.398,0.8,2.6,0.324,3,7.1,0.425,0.441,2.4,2.9,0.857,0.5,1.7,2.2,2.4,0.5,0.1,1.6,1.6,11
15,Alan Williams,PF,6-8,260,"January 28, 1993",us,1,"University of California, Santa Barbara",Phoenix,Suns,Alan Williams,24,43,0,14.3,2.8,5.5,0.504,0,0,0,2.8,5.5,0.506,0.504,1.3,2.1,0.593,1.9,4,6,0.4,0.5,0.7,0.8,2.6,6.8
3,Jared Dudley,PF,6-7,225,"July 10, 1985",us,9,Boston College,Phoenix,Suns,Jared Dudley,31,61,7,21.2,2.4,5.3,0.448,1.2,3.1,0.37,1.2,2.2,0.561,0.557,0.7,1,0.651,0.5,3,3.5,1.8,0.7,0.3,1.1,2.4,6.6
35,Dragan Bender,PF,7-1,225,"November 17, 1997",ba,R,,Phoenix,Suns,Dragan Bender,19,39,0,12.7,1.3,3.4,0.376,0.7,2.2,0.321,0.6,1.3,0.469,0.477,0.1,0.3,0.3,0.5,1.8,2.3,0.4,0.2,0.5,0.7,1.6,3.3
19,Leandro Barbosa,SG,6-3,194,"November 28, 1982",br,13,,Phoenix,Suns,Leandro Barbosa,34,67,0,14.4,2.6,5.9,0.439,0.5,1.5,0.357,2,4.4,0.466,0.483,0.6,0.7,0.889,0.2,1.3,1.6,1.2,0.5,0.1,0.7,1.2,6.3
0,Marquese Chriss,PF,6-10,233,"July 2, 1997",us,R,University of Washington,Phoenix,Suns,Marquese Chriss,19,78,71,21.1,3.4,7.7,0.449,0.9,2.7,0.322,2.6,4.9,0.52,0.507,1.3,2.2,0.621,1.2,3,4.2,0.7,0.8,0.8,1.3,3.3,9.1
8,Tyler Ulis,PG,5-10,150,"January 5, 1996",us,R,University of Kentucky,Phoenix,Suns,Tyler Ulis,21,57,11,17.2,2.7,6.5,0.418,0.2,1.1,0.233,2.5,5.5,0.453,0.437,0.7,0.9,0.774,0.3,1.2,1.5,3.5,0.8,0.1,1.2,1.2,6.4
10,Derrick Jones,SF,6-7,190,"February 15, 1997",us,R,"University of Nevada, Las Vegas",Phoenix,Suns,Derrick Jones,19,28,7,15.8,1.9,3.2,0.584,0,0.2,0.2,1.8,3,0.607,0.59,0.6,0.9,0.692,1,1.3,2.3,0.3,0.3,0.4,0.4,1.9,4.4
14,Ronnie Price,PG,6-2,190,"June 21, 1983",us,11,Utah Valley State College,Phoenix,Suns,Ronnie Price,33,10,0,8.5,0.2,1.7,0.118,0.2,1.3,0.154,0,0.4,0,0.176,0.1,0.2,0.5,0.3,0.7,1,1,0.8,0,0.1,1,0.7
31,Jarell Eddie,SF,6-7,218,"October 30, 1991",us,1,Virginia Polytechnic Institute and State University,Phoenix,Suns,Jarell Eddie,25,5,0,12.4,1.2,3.8,0.316,0.8,3.2,0.25,0.4,0.6,0.667,0.421,1.6,1.8,0.889,0.2,1.2,1.4,0,0.2,0,0.2,0.2,4.8